0.009666662	-0.0068781744	0.0098133525	0.009233782	0.009333664	-0.008304041	0.008393988	0.009431363	0.01044828	-0.009939572	-0.0068854457	-0.007979292	0.006799412	0.008671017	-0.008881106	-0.00806901	-0.008489555	0.0072220885	0.0072326898	-0.009284249	-0.008473444	-0.007163629	0.0101244	-0.0071210535	0.008257523	-0.007695357	0.010273425	-0.007781264	-0.010065462	-0.008157229	0.007126604	-0.009519341	0.009039417	-0.008242458	-0.009443928	0.008372213	-0.008143485	-0.006764935	-0.010482246	0.009321237	-0.008891366	-0.009323984	-0.007820468	0.009155092	0.0094133895	0.008036297	0.007221865	-0.007228226	0.008739337	-0.008374801	0.00890127	0.010174226	0.008581689	0.007205627	0.009479049	0.008899145	-0.007888205	-0.0094222585	-0.009165249	0.009211373	0.0082638115	-0.0074235867	0.0095836725	-0.009466273	0.006969679	-0.010048294	-0.009104053	-0.008094057	-0.007899974	0.007367706	0.008033675	-0.009922163	-0.008117119	0.007409828	-0.0087355785	-0.006778668	-0.008310632	-0.006899754	0.009273606	-0.0081036845	-0.008350616	-0.00813991	-0.007274525	0.008964317	0.008034765	-0.008034469	0.0071226945	0.009825396	-0.008914583	-0.007902558	0.010287678	0.009098349	0.010351356	0.0095147835	0.0076830974	-0.007615373	-0.009440483	-0.00843839	0.0100323735	0.008356629	-0.0077416236	-0.009860691	-0.007824876	-0.0066188537	-0.007880095	0.009236725	-0.009866177	0.010478195	-0.009913688	-0.008865714	0.008310787	-0.009831844	0.008053474	0.00692051	0.0071628075	0.010481133	0.010332742	0.008572458	0.008738141	0.009252001	-0.007853358	0.0081767505	0.009048727	-0.008116772	-0.008485241	-0.010504078	0.008666223	0.009047005
0.0017500278	-0.0034431326	-0.0018011513	0.001281579	-0.003862637	-0.0006348081	0.0024960577	-0.0017785388	-0.001066511	-0.0009105727	0.0011759638	0.0006744955	-0.00030567264	-0.0034775236	-0.0013312008	0.0037097642	-0.00033590058	-0.0013959422	-0.0019767866	-0.00035657967	-0.00084811635	0.00020655524	-0.00034211762	-0.0011772485	0.0015276275	-0.0019279169	-0.0034680068	-0.0020366055	0.0038644057	0.0036158436	-0.0023686374	-0.0027992665	-0.0036478187	0.001303718	-0.002435774	-0.0018285015	0.0031607193	-0.003895651	0.00028986204	-0.00041299686	-0.0026829941	0.0018241722	-0.0020344644	0.0008557546	0.0013397248	-0.0013773032	0.0028797179	-0.00018687174	-0.002198975	-0.0036203228	0.0012640203	0.003787058	-0.0023147692	-0.0035004085	7.774588e-05	0.0034557376	-0.0005973219	0.0029149572	0.0015991493	0.0022925553	-0.0005959831	0.0021067983	-0.0017443663	-0.0023196046	-0.00036628963	-0.0016136509	-0.0022292691	0.0031744745	0.002295976	0.003015352	-0.00028719613	-0.000709557	0.0028389543	0.00016293023	0.0029570446	-0.002573308	-0.0029295124	0.00044709072	-0.0013545402	0.0024843202	-0.0009560152	0.0018719523	0.0034096437	-0.0015856172	0.00092076976	0.00212747	0.002434947	0.00073455693	-0.0011870414	-0.0016672546	0.0025243214	0.0009803032	-0.0030122176	0.0025047283	-0.0010580979	-0.00047919387	-0.0020429795	0.0003481852	0.0016175746	-0.0035512052	-0.00233417	-0.0007952261	-0.002530674	0.0014366196	-0.0017498052	-0.0015760344	0.00013071485	0.0019816412	-0.001299052	-0.0014216765	0.0033719293	0.0021254877	0.0015151417	0.0038056006	-0.00048595574	-0.0027106344	-0.002537767	-0.0035244906	-0.0019809478	-0.0003480506	0.002324392	0.00020963605	0.00069855386	-0.0037168618	0.0009869435	-0.0009058928	-0.002544722	-0.002689362
-0.0014225435	-0.00032817572	0.0008745892	0.0015876465	-0.0015214193	-0.0011689868	-0.003176048	-0.0014436967	0.001148711	-0.0026166504	-0.0020290953	-0.0012584925	-0.0033472273	0.0004083952	-0.0029911445	-0.0024112589	0.00023274496	0.00068349345	-0.003489337	-0.0016832813	0.002475998	0.0029353434	-0.0009472836	0.0013255375	-0.0007489477	-0.0032021618	-0.002799109	0.0024217074	-4.4840388e-05	0.0009928793	-0.0010552639	-0.002905761	-5.2483287e-05	-0.0035688807	0.0028464934	-0.0010875636	-0.00013204198	0.0007273685	-1.3628043e-05	-0.0032571573	-0.002980271	0.0021243244	-0.0010312023	-0.0030741366	0.0034609674	0.0001175385	0.0022199643	-0.0030719754	-0.0012980704	0.0003320868	-0.00061266916	-0.001706095	-0.000810646	0.0012893318	-0.0013204454	-0.0037315823	-0.0010340638	-0.0009537176	-0.0026771943	0.0036931373	0.0017438862	0.0030001923	-0.0023297626	-0.00026439223	-0.00077364175	0.003330152	0.0004328587	0.00021142	-0.002183036	0.0005264799	0.002134791	0.0019747969	-0.00206351	-0.0031857644	-0.0022309632	0.0039035217	0.0023911675	0.0005764542	-0.0027649542	0.0018177363	-0.0029393188	-5.181646e-05	0.0023158495	0.0025222222	-0.003198164	-0.0019294131	-0.0028098188	-0.0021395157	0.0007664957	-0.0012951763	0.00028380146	0.0037948051	0.0028672498	0.0027743843	0.0038620033	0.0034354804	-0.0038261632	-0.00162555	0.00022587646	-0.0012650955	-0.0014082137	0.001871591	-0.000104692765	0.0018804478	-0.0027116947	0.0017987629	-0.0026900703	0.0018744403	0.0024195705	-0.0023537208	-0.0012437468	-0.00066359807	-0.0012746328	-0.0026067807	-0.0008379193	-0.0027155494	0.00292265	-0.00013731886	-0.00030908966	0.0029542437	0.00225692	-0.0028542387	0.0028912034	-0.0023581265	0.00094841607	0.003723565	-0.00050770026	-0.002941186
0.0020041945	0.0014095264	0.003186711	0.00034616562	-0.002343514	-0.00084051816	-0.003536669	0.00019432558	-0.0006046891	-0.003389813	0.00075033354	0.00064674066	0.003330755	0.0016010422	0.0038914043	0.0033836886	-0.0020404258	-0.0031301845	0.0021184566	0.0026114206	0.0029491503	-0.00041179173	0.003845131	-0.0025454257	0.00061187847	0.002568406	0.0034086425	-0.0038316553	-0.0007966999	-0.0023806812	0.0006906949	5.1271636e-05	-0.0020958772	0.00031190878	0.00038933288	-0.0031317086	-5.4314267e-05	-0.0033042105	0.001404292	0.003326167	-0.002898456	0.001993177	-0.00025172997	0.00073695276	-0.0010604942	0.0024600574	0.0017727697	-0.0017799032	-0.0007756683	-0.0011519431	-0.00070066424	0.00263362	0.00258738	-0.0033906018	-0.0036989185	0.0019244202	-0.003726134	0.0035569244	-0.0032087024	-0.00039039133	0.0027410337	-0.00182263	0.0026373244	0.003737384	0.0013178485	-0.0025446932	0.0034459285	-0.0018603788	-0.003078158	-0.0026366827	0.0025789263	-0.003096268	-0.0021450035	-0.0025711274	-0.0021042111	-0.001103384	0.0034133387	-0.0009937347	-0.0009204615	0.0019607097	-0.0030039079	0.0011124066	0.002056655	-0.0033735042	0.0036223177	-0.0033717742	0.00052146893	-0.0037415265	0.00073374435	-0.0037348731	-0.0011816258	0.000268911	0.0011727237	-0.0022248975	-0.002908086	-0.0005514226	-4.653586e-05	0.00047306344	-0.0032404559	-0.00015078718	-0.0013481043	-0.0017105215	-0.0012947009	0.0033372976	-0.0015235278	0.00037839962	0.0024817698	0.0035477262	-0.0036147838	0.0013748431	-5.226396e-05	-0.0015348052	0.001678918	0.0015227096	-0.001343478	0.0013903058	-0.00092268223	-0.00052789226	-0.00014680764	-0.003139292	0.002872048	0.0009045601	-0.00048598088	-0.0012088334	0.0009800536	0.002760436	0.0027574985	-0.0024212636
-0.0009942646	0.0026796586	-0.0020941338	-0.00076469127	-0.0028981874	-0.00240687	0.003211205	-0.0010349378	0.0026699626	0.0022405703	-0.003668482	0.0017760438	-0.0015533972	-0.0012888871	0.00027155317	0.0006112517	-0.00045460043	-0.0021726685	0.0018088692	-0.0005727289	0.0011284063	-0.001993773	-0.0020343605	0.0024158894	0.002420777	-0.0034228964	0.0032140897	0.0027333205	0.0015737847	-0.0030944361	-0.0005977447	0.002981871	-0.002175225	-0.0023259255	-0.00066840556	-0.0038453937	0.0020646215	0.0033999546	-0.0012231665	0.00037130434	-0.0023746626	-0.003296568	0.0017290413	-0.0032188925	-0.0029845638	0.0013215127	-0.00024824636	0.00026914245	0.0010430138	0.0013212697	0.0005272245	7.079961e-05	0.0018255864	0.001810044	0.0035248147	-0.0027888934	0.002058521	0.0033031525	-0.0027932385	0.002536402	-0.0008062194	-0.0034943027	0.0021804203	0.0033609695	-0.0008095405	0.00029592682	0.0015206905	-0.0009106202	-0.0038037016	-0.0036519752	0.001249609	-0.0020997454	0.00051687006	-0.00043820404	0.0022140774	-0.0038993363	-0.0037789806	-0.0015992844	-7.731514e-05	0.0017906888	0.002544499	0.00042834273	-0.0021382151	0.0019102022	-0.0037924722	-0.002782125	-0.00020184228	0.0029210541	0.002727334	-0.0006333329	0.0008999193	-0.0031771986	0.0005651596	-0.000658351	-0.0037837736	0.0025875438	0.0033586584	0.0031892322	0.0010788548	-0.0011989689	-0.002060249	-0.0022268058	-0.002405717	-1.747394e-05	0.0018129651	0.0021111532	0.0008246717	0.0021608872	1.3493933e-05	0.0021577147	-0.0028066873	0.001727155	-0.0012698248	-6.838888e-05	-0.0035767257	-0.0029196138	-0.0033641513	-0.0034692707	-0.0020478088	-0.0010279883	-0.0005533574	0.0035254252	0.003199364	-0.001900442	-0.00014686864	0.0022427486	-0.000114452094	-0.0032600067
0.00050373236	0.0017655543	0.0011962513	0.000117754564	0.00238052	-0.0034186537	0.00022177119	0.0016580978	-0.0008807699	-0.0007659588	0.0027191942	0.0014353194	-0.0010132766	-0.0037882496	-0.0022267913	-0.0030337092	-0.0012963689	-0.0031515537	-0.003461664	0.0011628489	-0.00061333505	-0.0015798933	-0.0013594776	0.0022994755	-0.00023486232	0.000768994	0.0029947143	-0.0032639704	-0.0025344891	-0.003165932	-0.001243969	0.0010112943	-0.0013193041	0.0020302366	0.000112769194	0.001749957	0.0017526262	0.0011768988	0.0005152868	-0.0037896913	-0.00016677845	0.003394803	0.00022378657	0.002818097	0.0006393264	-0.0029817424	0.0021181172	-0.0022588582	0.0010608593	-0.00294299	-0.002896057	-0.0025893827	0.0005137543	-0.0006584334	0.0006756438	-0.0035565924	-0.0024177586	-0.0015767063	-0.0036035134	0.0025189673	-0.0007740669	-0.00053784624	8.867448e-05	0.002328063	0.0014197631	-0.0034439806	0.0007378082	0.0026839105	-0.0025960882	-0.0009816368	0.0021379725	0.00018763542	-0.0026557413	-0.00044697942	0.0012452072	-0.0034007262	0.003278099	0.0015577003	-0.0030144122	-0.0012292233	-0.00036157388	-0.0030840072	0.00380453	-9.670667e-05	0.0035938667	0.0027689608	0.0011882768	0.0024957247	0.0005960353	0.0034652073	0.0032573151	0.0018890733	-0.00071726134	0.0037650527	0.00216076	0.0007398268	0.0008968683	0.0026764749	0.0013892781	0.0011652317	0.0023664772	0.003338058	0.0016988278	0.0005104081	0.0020076227	0.0013933457	-0.002946822	0.002609611	0.0023351056	0.0029775118	0.003400764	-0.0016536	0.0005496498	-0.0031448212	0.0034484658	-0.002503431	-0.0013874304	0.0012045689	0.0025562462	0.0031660246	0.00017296476	-0.0035947654	-0.0022593755	0.002754209	0.0017986237	-0.0005896888	0.0014009825	0.0020929496
0.008289688	-0.008427732	0.003333521	0.0044090934	0.007035337	-0.008602976	0.0030895364	0.0061676726	0.0069058156	-0.0054696286	-0.0065423977	-0.010413549	0.0064831246	0.0101964595	-0.0052549737	-0.0030702876	-0.010078089	0.004178922	0.006278161	-0.008179302	-0.0051038777	-0.0035002497	0.007829032	-0.0052742613	0.0041763075	-0.010159541	0.0056447946	-0.008113877	-0.0070174765	-0.004598677	0.0078038587	-0.004302518	0.009761449	-0.010341963	-0.008308222	0.008412314	-0.010587331	-0.005962018	-0.005648289	0.006707844	-0.0068422444	-0.01008365	-0.0058865193	0.0049232594	0.0051520052	0.0074013034	0.009188451	-0.0071490495	0.005526438	-0.008584568	0.008536279	0.006871128	0.0076782997	0.009961257	0.00843109	0.0045300964	-0.0049596424	-0.009813834	-0.007298497	0.0091746235	0.009651507	-0.0033674836	0.0055248747	-0.0093463715	0.0032702775	-0.0078687845	-0.00486329	-0.0065950607	-0.008000124	0.007252139	0.006401942	-0.0075151916	-0.005047748	0.0037762485	-0.009005194	-0.0068616634	-0.00728178	-0.00861524	0.003312973	-0.0064962683	-0.010037209	-0.0058630016	-0.0030599963	0.009069026	0.010428226	-0.0094611235	0.0034786286	0.0048536425	-0.008345541	-0.0042053564	0.010597228	0.0035478224	0.005344117	0.0075809127	0.010162445	-0.0036658333	-0.004142239	-0.008876514	0.007202441	0.0074900677	-0.005958898	-0.010389924	-0.0031734593	-0.0049729133	-0.009175435	0.0049529904	-0.006542503	0.007313112	-0.0056691393	-0.007893766	0.010085394	-0.006169158	0.0036147984	0.0050124084	0.0057900473	0.007978627	0.006106132	0.0043994794	0.004265438	0.009937771	-0.0076201707	0.009271083	0.009969854	-0.002908537	-0.008266945	-0.006942927	0.0037060985	0.008690974
-0.0025422964	0.0031677117	-0.00019626226	-0.002924032	0.002279607	0.00026362855	0.0027822577	0.003857003	0.002208782	-0.00047975034	0.0015338738	-0.0009348863	8.025486e-05	-0.0035943966	0.0013676598	0.0028695487	0.00089133997	-0.0031195818	-0.0021074163	0.0018372419	0.0019549439	-0.0031508603	0.0012137666	-0.0007270961	0.0010111453	0.0003335625	-0.0035673915	0.0011787359	0.0011339914	0.0013332884	-0.0005050907	0.000110885594	0.0016590059	-0.0036707106	0.0017522271	0.0033217985	-0.0008686697	0.00029706117	-0.0008743596	0.0026372224	-0.0026388247	0.00086841267	0.0009841747	-0.0007839054	-0.0026812977	-0.00218324	-4.271092e-05	-0.0012909891	0.0029741502	-0.0038241064	-0.0021836725	0.0037982222	-0.0034839883	0.0012632073	0.0015759659	0.003791588	0.0018712198	-0.0016901004	0.0022459282	-0.0038713869	0.0022252998	-0.0032454934	0.0031846403	0.0017637014	0.00010889722	0.0031938246	-0.0022132285	0.002136712	-0.00091804983	0.0013354514	-0.0017070915	0.0034415629	5.0050672e-05	0.0038248408	-0.0011637206	0.0032004188	-0.0020638476	0.0007287832	-0.0004419512	-0.0005467981	0.0030485038	0.0028311852	-0.000714486	-0.0025828895	-0.00081618456	-0.00040066615	0.0036883294	0.002789895	0.002551334	0.00076632574	-0.003531606	-0.0028376332	0.0028898646	-0.0017359168	-0.0011067893	-0.0011360291	-0.0028858986	0.0021068412	-0.0030304356	-0.001651099	0.0022801026	-0.0016659177	0.0010535358	0.0022770208	-0.00063421484	0.0009853751	-0.003108236	0.0006081825	-0.0013295999	-0.0038066483	0.00019441545	-0.00087879924	-0.0022535673	-0.00012699328	-0.0017694863	-0.0005010953	-0.002819738	-0.0022433386	-0.0011113035	-0.0005844403	0.003443148	0.0012648972	-0.0018320587	0.0029577333	-0.0012378963	-0.0036241384	-0.0006530974	0.0021426291
-0.0027095787	0.0017319028	-0.0010277438	0.0010103523	0.00035362132	-0.0014213282	-0.0009690197	0.0011163973	-0.0025993679	-0.0029232423	-0.0021364028	0.0026341313	-0.0016111354	-0.00075466465	-0.0032921704	0.0026097214	0.0021195784	0.0009381375	0.0020683454	0.00057183625	-0.0022394815	0.0023714188	0.0019298387	0.0019376413	0.0022410322	-0.0011648019	0.002522463	0.001369487	0.0031083222	0.0012633582	-0.0019840696	0.0020464133	0.00046649436	-0.0018549729	0.0031754356	-0.0005030497	1.8511899e-05	0.0003561033	0.001151864	0.0029921513	0.0036326004	0.0032625352	-0.0013184459	1.4760066e-05	0.000727491	-0.0033926396	0.001007223	-0.002944041	-0.0021767528	0.0013065361	-0.0010659304	-0.002941416	-0.0030432371	0.0020904872	0.0020834054	0.00053307833	0.0017202166	0.0033476627	0.0011211671	-0.0010129884	-0.0019089715	-0.0014977041	-0.00030010985	0.0012276336	0.0013510617	-0.0025793696	-0.0035068714	0.0013754591	-0.0017870651	-0.0026657656	-0.0025213491	0.00050011324	-0.0020260918	0.0035597016	0.0034937668	0.0026707752	0.0030425782	0.0019248147	0.0023178319	0.0022689346	-0.0017309943	0.001737257	-0.003691915	-0.0022292617	-0.0035694796	-0.0025356798	-0.0034669382	0.00028491486	-0.00015311083	0.0028097285	-0.003470466	-0.0018047071	-0.0008678371	0.0015272456	0.0028839773	-0.0021840418	0.0020950767	0.0019965153	-0.0038989466	0.0027949703	-0.0034400583	-0.003289234	0.0012363396	-0.0013984363	-0.0034353845	0.0034374064	0.0037592798	-0.002941538	-0.0024571833	-0.0012783734	0.0020140707	-0.0012964397	-0.0033380738	-0.0020268448	-0.003001724	-0.00039829593	0.002360525	0.00220468	-0.0004749042	-0.003672535	0.00051934365	0.0028138957	0.0037790476	-0.00053843996	-0.0031506703	0.0009114789	0.0034531485	-0.0027031903
0.00011223974	0.0030895844	-0.0025233747	-0.002312427	-0.0016222377	-0.0018825191	0.0011796351	-0.0037993328	-0.003232555	0.0033215391	0.0035875826	-0.001512506	0.0033918354	0.0037368685	0.0028548152	-0.0013409783	-0.0034568463	0.002690164	-0.0016302727	0.0016342327	-0.001429881	0.003363517	-0.0021432377	-0.0017117015	-0.0014099479	0.0008260594	0.0025162622	-0.0030698995	-0.0025519626	-0.0022462606	0.0020945072	-0.0005691312	-0.0020374185	-0.0012470111	0.0019752206	0.001006749	0.0026274202	-0.0030606352	0.0020181867	0.0006785551	0.0021221633	-0.0030067568	0.0034680432	0.0010817233	0.003309778	-0.0022698254	0.0014636582	1.1660624e-05	-0.0010749823	-0.0018921294	0.0003911145	0.0033361656	0.003193852	-0.002278252	-0.0038115513	-0.0002514948	-0.00031264685	0.00060945144	0.0010880372	-0.0016715205	0.00076573575	0.0011148509	-0.0017935736	0.002536289	0.0016509476	-0.0012912359	-0.0010539987	0.001319963	-0.001261211	0.0012637032	-0.00043600705	-0.0011813678	0.0007762653	-3.6914367e-05	0.00029981835	-0.0015336038	-0.003341075	0.0017102091	0.0028637894	-0.0005245637	-0.0032591517	-0.0022268323	0.0037118588	0.0028927852	0.0013885042	0.0014025364	0.0029498274	-0.0033264305	0.00057920953	-0.00077440636	-0.001922199	-0.00045173243	0.0038373927	-0.00027140137	0.0032189554	0.0035742056	0.0022998266	0.0007229978	0.003358589	-0.0023171022	0.00045618322	-0.0032875082	0.002559112	-0.0021204944	-0.0036547203	-0.003251718	0.0011612424	0.0003024782	-0.0014925604	0.0029562279	0.0030078548	0.0016283775	0.0012972257	-0.0026881327	0.00032890122	0.0038457843	0.0029722997	-0.0011130907	0.0011424618	-0.0025314111	-0.0017611729	0.0005936548	0.00072041526	-0.0028608036	0.0030836975	0.0009181984	-0.0027641002	0.003558633
0.0017731464	-0.0010756664	-0.0018069725	-0.0014951727	-0.0034936233	-0.001851765	0.0006510359	0.0027870312	0.003794475	0.0026712823	-0.0008324585	0.0028969073	-0.0026692245	-0.0013833367	-0.0036214278	-0.0022193529	-0.0003304053	0.0019078222	-0.0025211754	-0.0029660575	-0.001999218	0.002312682	0.00027337065	0.0015030378	0.0025665648	-0.0015331451	-0.0031083655	-0.0025055707	0.001663791	-0.0021608993	0.001370539	0.0021881377	-0.0020192289	0.002062764	-0.00271847	-0.0023139399	0.0027543358	0.00042459136	-0.00043313764	0.0002754298	0.002458896	-0.0020047366	-4.670769e-05	0.00089930743	0.0011057542	-0.0005037724	0.003631914	-0.0025614672	0.0024880283	0.0006682505	0.0024488578	0.003700824	0.001858219	0.002598954	-0.0012945305	-0.0023125708	0.0037712324	0.0038708225	-0.0030732611	0.0025945245	0.0015505417	-0.003254734	0.0018069982	-0.0028650416	-0.0002546534	-0.003748869	0.003235023	-0.0006972742	-0.003097517	0.0033659735	-0.0037830248	0.0034156651	0.0034481944	-0.0012589833	0.0010896041	0.0027400027	0.003387433	0.00026733382	-0.0007951758	-0.0013125134	0.0025690617	-0.0013926779	0.0014606495	-0.00019831676	-0.0023499453	0.0022492236	0.0001478619	0.00029976293	0.0011996366	0.0004837704	-0.0016362658	-0.0031367629	-0.0018370268	0.002400903	0.00015312945	-0.0011601713	-0.00023960182	-0.002482255	-0.0022022245	-0.0028257743	-0.003707569	-0.0005546361	0.0015826882	-0.0013580853	0.00059841713	0.001877863	0.0024498515	-0.0018434306	-0.003790597	0.00058808643	-0.0016075969	-0.0012058299	-0.0011145966	-0.00011988403	0.0028667133	-0.002236667	0.0037496788	0.0021445076	0.002272314	-0.0010438911	-0.00023403112	0.0036052167	0.0005151471	0.0015462101	-0.0034557846	0.0026573348	0.0037273513	0.00082982425
0.0038301246	0.003333239	-0.0021881433	-0.0035841968	0.0024663075	0.003887868	-0.0031625293	0.0016486137	-0.00056732167	0.0026301602	-0.0011154432	-0.0032493286	-0.0010761279	-0.0032212548	0.00094960444	-0.003627587	0.0024715932	-0.0025352738	-2.9667746e-05	0.0026165275	-0.0028304555	0.0001024832	-0.0029930873	0.0035518818	-0.0008974611	0.0022484772	0.00023454474	-0.00069761276	-0.000922251	0.0017343457	0.0031218631	0.002052647	0.0037965393	-0.0012815204	-0.00022754725	-0.00078148674	0.0036458247	0.0016628052	-0.0016129082	0.00024312502	0.0028475206	0.0029646647	0.0038390826	7.336214e-05	-0.0019528009	0.0021427777	0.0033818418	0.002277451	0.0013851332	0.0018942133	-0.002211174	0.0036471547	-0.0038124188	-0.0036290768	-0.001909243	0.0033452134	-0.003306779	0.0030502467	0.00015488593	0.0026446432	0.0020615524	0.00354655	0.0020302557	-0.001364429	0.0028845891	-0.0030948226	0.003846134	-0.0010572006	-0.0007495517	-0.002582864	-0.0035556732	-0.001487067	0.0031510787	-0.0036162548	-0.0011805273	-0.002263079	0.0022565261	0.0028056367	-0.00071652187	-0.00030943425	-0.0017158394	0.0023447555	0.0025608144	0.001947117	-0.0028073569	-3.0069612e-05	0.0038420092	-0.0007914421	-0.0027905656	0.003436305	5.755946e-05	-0.003137873	-0.00013572397	0.00257514	-0.002791325	0.00036577182	0.0020485916	0.00013771746	-0.0035635051	0.0010738536	-7.537659e-05	-0.0023864903	0.00045551313	-0.0014255336	0.00026939204	0.0017928183	0.002426173	0.0015055435	-3.52324e-05	-0.00015029311	0.0015363549	-0.0009042602	0.0012535756	0.0010023522	-0.0025386908	-0.0020195828	0.0022903238	-0.002727299	0.002335214	-0.00031263055	0.002532802	0.002045448	0.0025641117	-0.0018556416	-0.00304263	0.0029834392	0.0003822078	-0.00040796306
0.0033484697	0.00074409787	-0.0019999756	0.001831641	-0.0010157931	0.0032087401	0.0028419816	0.003555697	0.0011360911	-0.0027112784	-0.0008234773	0.0011957213	-0.0017980672	-0.0019292324	0.0022099512	-0.0006855945	-0.0010554921	-0.0035885526	0.0019325167	0.00031562662	-0.0008038124	0.00056550885	7.982459e-05	0.0012586601	-0.0019853301	-0.00012181187	-0.0035632015	-0.0028978828	5.4283068e-05	0.0010258318	-0.002144746	0.0014022794	-0.00047309697	-0.0025233096	-0.0037286193	0.0014935066	-0.0033351318	-0.0036397069	0.0032688798	0.0032209083	-0.00312029	0.0026342045	0.0030005667	0.0017297952	-0.0017827568	0.00342339	0.0028037955	-0.0012116903	-0.00048214477	-0.00083281565	0.003288167	-0.0034923353	0.0034025041	-0.0012329863	-0.0019667302	0.00054271845	-0.0025272267	-1.9156374e-05	-0.00065522175	0.0034782193	0.0010751695	0.0021653012	0.003490393	-0.0038739364	0.0037403926	0.003410853	0.003829714	-0.0015434516	0.00033600815	-0.0015548514	0.0025877343	-0.001663527	0.0027611004	-0.0030116807	-0.0017011915	-0.002504297	-0.00013071997	-0.0029376848	-0.0035000928	0.0010370184	0.0011956976	-0.0026515773	0.0016460549	0.0003074454	-0.002453994	0.00350405	0.0006634663	0.0030116723	-0.0024669361	0.0022585928	0.0034743557	-0.003192232	0.0027830899	0.003037096	0.0018587145	0.00012833625	0.0016820221	-0.0011208551	-0.0022127796	-0.002268808	-0.0021205065	0.0007340121	0.0037246058	-0.003715144	-0.0031678132	-0.0027766768	-0.00044670887	0.0013846485	-0.0010992722	0.0014334111	-0.00043056952	0.0035040355	-0.0022956738	0.003746131	0.0008072071	-0.0003511086	0.0008845618	-0.0029960577	-0.0036315406	0.0038254778	0.00051078945	-0.0029629455	-0.000429234	-0.0025248085	-0.0037691807	-0.0012233313	0.0024493681	0.0013612299
0.002045921	0.0034680283	-0.0027821753	-0.003765516	0.0014654761	0.0028165393	0.0029198364	-0.0015576333	-0.0022360221	0.0017801737	0.0033251639	-0.0003901138	-0.0013377443	-0.00036523212	-0.0019985922	-0.0014906242	-0.0012649084	-0.0011668671	-0.003543288	0.0005187411	-0.0004492402	-0.00027256273	-0.0037278445	0.001623569	-0.0026231427	-0.0028561023	0.00054425374	-0.0030670338	-0.00253892	0.00068618683	-0.0038546384	-0.0009604953	-0.0009866608	0.0012697089	-0.0027646357	-0.0016397675	-0.0031826464	-0.0007035821	0.00069095707	0.0029904754	0.0026967726	-0.001426952	-0.0030246703	0.001759829	-0.000766729	-0.0031122845	-0.0010962058	0.0016167853	0.0020300439	0.002692007	-0.00071389787	0.0011873576	-0.003453515	0.00043273484	0.0035670074	0.0029823543	-0.003848902	-0.0011833417	-0.0013913875	0.0015204721	-0.0011341837	0.0024401145	-0.0032610013	0.0016684281	0.00076544564	-0.0019982643	-0.0031743962	0.00028121984	0.0023239749	0.001920369	-0.0014587631	-0.003088261	0.0024360362	-0.0038730674	0.0030498118	0.0026275734	-0.0036721518	0.001190104	-0.0026569716	-0.00037919963	0.0017980887	0.0014252574	-0.00039716857	0.0015423293	0.0013533882	-0.0018682554	0.0004912927	0.0016148887	-0.002776659	-0.00029425928	0.003471102	-0.00079148076	-0.0029668217	0.00096024154	0.0031848843	-0.002237435	-0.0032465048	0.0008677752	0.0014926572	0.0020084945	-0.0014096755	0.003543106	0.0036761714	0.003565528	-0.0039008516	-0.0020895181	0.00015883101	-0.0038428223	0.0022794208	-0.0027517471	0.002147627	0.00077610556	0.000499642	0.0028539714	-0.0012151264	-0.00040692464	0.0008917763	-0.003277924	0.0023176866	0.0027067517	-0.001634093	-0.0026519434	-0.0024008378	-0.0017591901	-0.00059863925	0.0013473621	-0.0017968304	0.00012707431
-0.0019155471	-0.0016815364	0.003725599	-0.003589753	-0.0016415366	-0.0010357061	0.0009868476	0.0005109012	0.0010129707	0.0016692458	0.0003898493	1.8158928e-05	-0.00068556564	0.0018409616	0.002014922	-0.0037019947	0.0026560836	0.0025011627	-0.0023336858	-0.0011320338	-0.0021342458	-0.000558496	0.0012068162	-0.0010762601	0.0024670819	-0.0034626857	-0.0038064998	0.003712684	-0.0024630297	-0.0021413467	-0.0034887437	-0.00039494038	-0.0029342477	-0.00018340163	-0.0020701522	0.003279416	-0.0025563203	0.0027576135	-0.0023511345	0.0013416447	0.0038483553	-0.0013929573	-0.0029545706	0.0031503462	-0.0003520879	0.0007659639	-0.0034030466	-0.0014915839	0.00040844735	-0.0033132397	-0.0012012175	-0.0009490596	-0.001136106	0.0026910342	0.0035980204	-0.0033451244	0.0030057966	0.0028644959	0.003539741	0.0010029501	-0.0037911255	-0.0010043047	-0.0014481428	0.002108639	-0.0024690581	0.00074505573	-0.002610404	0.0031329826	0.0030086222	0.0014884551	0.0009629149	0.0010582143	0.003857168	0.0029298752	-0.0030984352	-0.0013534385	0.0031774868	-0.002286748	0.002515629	-0.00018917443	0.0009853966	0.00027293572	0.0028955527	0.0028266357	-0.0023298627	-0.0025425712	-0.003667011	-0.0004928871	0.00033777487	-0.0018624687	-0.0029746848	0.00043079304	0.0003332845	0.003469253	0.00071224896	-0.0018078783	-0.0020313053	-0.0021439441	-0.0001699091	0.0008952869	0.00016126223	-0.003299411	0.0023542312	0.0027561667	-0.0032539177	-0.0032541635	-0.0033341981	0.00052708434	0.0011601662	0.0035848296	-0.00080243405	0.0013520438	-0.003498022	0.00035278453	0.0010977113	0.000820098	0.0035771565	-0.00090738246	5.188305e-05	0.0026078485	0.0027168873	-0.0032716165	-0.0029812385	0.0030892324	-0.0012874883	0.0017289273	-0.002671836	0.00043646572
0.0013562003	0.0036953706	0.0019197799	0.0016386337	0.0038103485	-9.1038644e-05	-0.0019780165	0.0021807346	-0.0025933748	0.002802555	-0.0027037445	-0.0027840915	-0.0036324835	0.0025307876	2.9524788e-05	0.0024624355	0.0032834988	-0.0026481692	0.0012518307	0.0005157981	-0.0025996114	-3.5203993e-07	-0.003476873	0.00034379587	0.0019912687	-0.002767183	0.0031760205	-0.0001987894	0.0015128069	-0.0037935069	-0.0022557206	0.0007678573	-0.0027489574	0.00025729882	0.002411385	0.0019926913	-0.0029462841	-0.0029851291	0.0017716442	-0.001636528	-0.003443385	0.002816977	-0.003874876	-0.0011505936	-0.0025857305	0.001256444	0.00022867043	-0.0037426632	0.00045602396	-0.000282472	-0.0012665521	-0.0012145685	-0.0031940504	-0.0013176659	-0.0030035423	0.0033484297	-0.0027306145	-0.0032809982	0.0021495274	-0.0033500576	0.0016632657	-0.00055037485	0.00012441585	0.0014716284	-0.0008658599	-0.0010240944	0.0013482808	0.002491557	0.003392985	0.0012649908	-0.001017685	-0.0032378281	-0.0012803385	0.003314727	0.00042564562	-0.0008712844	-0.0024309652	-0.0034314357	0.00032689795	0.0031648455	0.0016941903	0.0011520493	0.0006270767	-0.0033244523	0.0012501255	0.0016505765	0.0012995498	0.0014579948	-0.0025385711	-0.0031950912	-0.0022572852	-0.0028820843	-0.0031111944	0.0036782227	-0.0028810198	0.0025592665	-0.001960103	0.0028792853	0.0038432581	-0.003716663	-0.00034612417	-0.0017095441	0.0037039053	0.0027540508	-0.0027486128	-0.0030460707	0.0020025838	-0.0038223523	-0.0027768076	-0.00063423766	-0.0007397393	0.0010417956	0.00018504215	0.0037899236	-0.0010778503	0.003595599	0.0022732434	-0.00014731474	-0.0011795135	-0.0022048564	-0.0015251837	-0.0006641131	0.0034431037	0.000545545	-0.0037045074	0.0012408881	0.0013722708	0.0015931264
0.0029494222	0.0025235773	0.0033438345	0.0038549853	0.001335599	-0.0033621998	0.00049764663	0.0008071582	-0.0001523802	-0.0011834004	-0.0018104655	-0.00038415845	0.0002420186	-0.0024117152	-0.001674599	-0.003475823	0.001952141	0.0009941896	-0.0035858192	-0.001489284	0.0015783086	0.002351001	0.0036871824	-0.000363152	0.00045605982	-0.0036856057	0.0022963593	0.003404236	-0.003536902	0.00010030763	-0.0024227556	0.0037290286	0.0022759116	0.0024195695	-0.00315751	-0.0025540828	0.0033293674	0.00037735607	0.00040630111	-0.0033023744	-0.0022946391	0.0015729764	-0.0011196365	-0.0008144281	0.0036625285	0.0025523528	0.00091334525	-0.0018179896	-0.0028768117	0.0016262666	0.002834884	0.0028979848	0.0014516595	-0.0007044375	0.0006675804	-0.0033700196	0.0034801494	0.0022257944	-0.0037702378	0.0012613535	-0.0021899422	0.0033153184	0.0026586144	0.0038308986	-3.8333237e-05	0.0015958888	-0.0028737928	-0.00054533314	-0.0030681132	0.0033260765	-0.00070038997	-0.00022361288	0.0029578968	-0.003797193	-0.0024597505	-0.003495804	-0.003201466	-0.0017293892	-0.0032648519	0.002049869	0.003882829	0.0033827028	0.00025758194	0.00032417476	-0.0004759347	-0.0015822309	-0.0016307621	-0.0024212762	0.0034643305	0.003014077	-0.001669859	0.0035016323	0.003116087	-0.0003035278	-0.0005820575	0.0021580886	-0.0031047962	0.00019684387	0.00060437154	0.00090837805	-0.001961443	-8.112891e-05	0.0031912401	-0.00060149794	0.003664968	0.0023500463	-0.00149319	-0.0019622352	-0.00035671284	-0.0019724565	-0.0016812324	0.0009713713	-0.0028035832	0.003299031	-0.0026827767	0.0010976722	-0.0033808239	-0.0024907817	0.0033652857	-0.00010749884	0.0016902876	0.0012743413	0.0021592858	-0.0018990426	0.00055495044	-0.0033462243	0.0009848126	-0.0017477772
0.0011269967	0.0005091778	0.0030519636	0.0027254303	0.0030145692	0.0030286452	-0.00017628912	0.0033947602	-0.0023559537	0.00043210248	-0.0017642346	-0.00015829131	-0.003165328	-0.0017947741	0.0026187445	0.0019058776	0.0009227139	0.0023167878	-0.00017014658	0.003564077	0.000622862	-0.0030610082	-0.0009357389	0.0026133358	0.0032232758	-0.0015325155	-0.003070414	0.002473021	-0.0027094404	0.0026611858	0.00041016145	-0.0015318315	0.0011779862	0.0019094702	-0.0038021975	0.0010687904	-0.0034137755	-0.0021867347	0.0035236455	-0.0016778102	0.0009927494	-0.00054576294	-0.0029940153	0.0014297673	-0.002297408	-0.003534704	-0.0011560563	0.0014069034	0.002773366	-0.0022819843	-0.0013997662	-0.003273977	-0.0022690855	0.0021012113	-0.00340987	-0.0011407649	-0.0016392884	0.00023129908	0.0015388993	-0.00031092577	-0.002251347	-0.0011832742	-0.00049174624	0.0024755262	-0.002101181	-0.001935523	-0.0035594236	0.00275585	0.002812833	0.0020362013	-0.001517721	-0.001084445	-0.00301028	0.0032796478	-0.0038399152	-0.0020389063	0.0017561619	-0.003657157	-0.0018519275	0.0015754891	-0.0003966773	0.003403394	0.001851242	0.0012532026	-0.0024975524	0.0015566917	0.0025014826	-0.002862188	0.0028459867	-0.00012211595	0.0026996424	-0.00034110202	0.0002747774	0.00055375695	0.00029496476	-0.0016865744	0.003807433	0.0008310424	-0.0036817756	-0.0036362289	-6.825337e-05	0.0029348037	-0.0025331927	0.0021623597	-0.0021234667	-0.0018974976	0.0016621235	0.00016609207	-0.0013782713	-0.00012293132	-0.0038658297	-0.0026548249	0.00061767595	-0.0008051237	0.0012125392	-0.0023779105	-0.0029248595	0.0016348222	-0.0035040146	-0.0007898235	0.0014516045	0.0012217513	0.0019549564	-0.0031119236	-0.0004641381	-0.0025832723	-0.0024063378	0.0035631484
-0.0010478334	-0.0031092465	0.0009682458	0.0026638145	0.0034559146	0.0022462117	-0.00032781344	0.0008112998	-0.001026371	0.003561827	-0.0028301557	-0.0031852582	-0.0029053763	-0.0025109448	0.0022371365	-2.3259781e-05	0.0011521401	0.0027356786	-0.001448059	-0.0005544326	-0.0018412089	-0.0014199661	0.0009430777	0.0032165726	-0.00055732764	-0.0026473803	-0.0025235862	-0.0026778593	-0.0019595562	-0.00073318183	-0.00015471829	0.00090106204	-0.0008561127	-0.0022516903	0.0030978587	0.00049171364	-0.0010695988	0.0015417216	-0.002821295	0.0019572652	0.0014492609	-0.003705626	-0.0038382816	-0.0009219446	0.0031643258	0.0010329192	-0.0027630874	0.0029773586	0.001550098	-0.0024143136	3.085006e-06	-0.003401448	0.0023380257	0.0031474908	-0.0035186824	0.0032672277	0.00057634106	0.0015159771	-0.0032457146	-0.0029961644	0.001702562	-0.0036531119	-0.002821086	-0.0029103057	-0.00049009966	0.0009198063	0.0035416111	-0.00013378821	-0.0024663336	-0.0021078368	0.0010775486	0.0035121995	-0.003635957	-0.0017149788	0.0037871185	0.002896342	0.0011146348	0.0014510173	-0.002201056	-0.0005346034	0.00045687985	-0.002613484	-0.00021933019	-0.0026261536	-0.00032070186	-0.00036143605	-0.0014476054	-0.0032052603	-0.0038036522	0.002799795	-0.0038136495	-0.0016596378	0.0010482832	0.0020276578	0.00074578123	-0.0009078481	0.0014793277	0.0034589237	-0.0005306541	0.0038691023	-0.0034653828	0.00018051919	0.0031608175	-0.0027182195	-0.0005528736	-0.00025328854	0.0025017792	0.0019791299	-0.0014899042	-0.0017462955	0.002235964	0.0035062735	0.0009477916	-0.003201834	-0.0010610316	0.0017897063	-0.00010077236	-0.0013689958	-0.0036516334	0.0019106981	0.0015535988	7.926719e-05	0.0011343728	-7.234048e-05	-0.0037038792	-0.0013828645	0.0002448517	-0.0001711878
-0.0010948223	0.0018848279	0.0018362883	-0.0027386886	0.0010753539	-0.00374302	-0.00027644122	-0.0030928343	0.00032322202	0.0020769672	0.0021670568	0.0033436827	-0.0036194092	-0.0014754259	0.0017043366	-0.0020431522	0.0025404925	0.0030554994	-0.0038781324	0.0009458652	-0.0007096734	0.0035950015	-0.0035670018	0.00060135964	-0.0028741597	-0.0014631711	-0.0038481266	0.0036220788	0.003752804	-0.0027525122	0.0007217545	0.003771536	0.0025749756	-0.003290664	0.00023631146	-0.003647156	-0.0011700462	-0.003277475	0.0023933724	-0.0004620077	0.0015598773	-0.0024677664	-1.3099983e-05	0.0005955752	0.0010854243	0.00058418093	0.0022828472	0.0018336326	-0.00021064607	-0.0024319603	-5.245162e-05	-0.00027236342	0.0019312045	-0.0036263	0.0006218115	0.0016318075	0.0018532597	0.0001862431	0.0013157125	0.0026527569	0.0019305823	0.0015818062	-0.0014016125	8.8595785e-05	-0.0030920226	-0.0029813224	-0.0028796527	-0.0030004242	0.0017739125	-0.0016650055	0.003284622	0.0005772165	-0.0023014238	0.0030874116	0.002243773	-0.0016937018	0.0012645111	-0.0031856606	0.003266505	-0.003048482	-0.0003671581	0.000996443	-0.00092769554	-0.0017042174	0.0025323778	0.0013718503	-0.0011242675	-0.0023253476	-0.003409905	0.0016114912	-0.0035967403	0.00091342535	0.00061239954	0.0017373068	0.00046315463	0.0020939228	0.0038514524	-0.00019029854	0.0017405669	-0.0035844524	0.003626402	0.00087494776	-0.00265178	-0.002087335	0.0038659573	-0.0012191883	0.002652275	0.0032530464	-0.003711789	-0.00036840653	0.0024552923	-0.000105245505	0.0014940314	0.003574987	-0.00075182784	-0.0031828233	0.0016606399	0.0038967808	0.001868525	-0.0014688354	0.003848245	-0.0037569427	0.0035792282	0.00138479	0.0022875094	0.0025657676	-0.0013021771	-0.0028945762
-0.002453167	0.00015119324	-0.00035954872	-0.0020912876	0.0036714557	-0.0032017394	0.0018253382	-0.0028052386	0.0014131055	-0.0022172332	0.0030826195	0.0027718465	-0.0013057739	-0.0033824625	0.0032927035	0.0015593851	-0.002688005	-0.0012627863	0.0017293645	-0.002414106	-0.00048587797	0.0004411661	-0.0024132952	0.0022986592	-0.0017993152	0.003440383	-0.0006794692	-0.003312767	0.0014323457	-0.003170569	0.00029022433	0.00057961605	0.0009339461	0.001324113	-0.0028865864	0.0030978434	0.0031277826	-0.0006401958	0.0017510559	-0.0009906827	0.0027188822	-0.0023877686	-0.002374432	-0.0016448111	0.0022588028	-0.0037530963	-0.0007314384	0.0015325281	0.0013215411	-0.00023633149	0.0022717188	-0.0021362635	-0.001745367	0.0021121688	0.0009795027	0.00018494343	-0.003893916	0.00074092345	-0.0006294297	0.0021739877	-0.0023325738	0.0012899847	-0.00070378324	-0.0028023655	-0.0016463632	0.0028611259	-0.0017516632	0.0019393968	0.0020542373	0.0018391535	-0.0005498249	-0.0016679014	-0.0011958168	0.002547605	-0.0019407757	0.0011728727	0.0010730275	-0.0016656145	-0.0015505799	0.0034500347	0.00081997644	-0.0025092452	0.0008264468	-0.0037381025	0.0025024172	0.0035285307	0.0028718398	-0.003325784	0.0005204682	0.0031773718	0.0017040814	-0.0018328726	-0.00063382555	-4.44334e-06	-0.0016574226	-0.0027092313	-0.0031460621	0.0010999572	0.0021476485	0.002647881	0.0029167929	0.0012662425	0.003507188	-0.0014857794	0.003253562	0.0006625508	0.0037850179	-0.00059429556	-0.0038556042	-0.0009975452	0.0002958593	-0.0008476437	0.0016184822	0.0026754588	0.0022607842	-0.0014901455	0.0015116767	0.0026235064	-0.0018193997	-0.00045805657	-0.0015742783	-0.0016379277	-0.0018562297	0.00011331076	0.0025958451	2.8436072e-05	0.0029079495	0.0016638185
-0.0022223187	0.0025435244	0.0028747232	0.00046641706	0.00063721836	-0.0027446714	0.00056514377	-5.7759695e-05	-0.0018295594	0.00031848997	-0.0007320368	0.0022888798	0.0027761706	-0.00043718377	-0.0027863607	-0.001801067	0.0029718364	-0.0014029797	-0.0005335519	-0.0037157596	0.0033162446	0.0035406486	-0.0019184574	0.00082313176	0.003139974	0.0005546836	-0.003872457	-0.0037020938	0.0036270823	-0.0005703508	-0.0007758178	0.0027855136	0.0031997263	-0.0033339472	-0.00067727827	0.0023109647	-0.0007867329	-0.0033661393	0.0036644153	0.0025906162	0.0036431337	-0.0010824655	0.0017634318	-0.0024590655	-0.0019267653	0.0027773776	-0.0018563448	0.002849813	0.0025878977	-0.00029460154	0.0010634982	0.0015944364	0.0032290337	0.00011086976	0.0023563998	-0.0003472399	0.001961437	-0.0018365858	-0.0023441492	-0.0024687103	-0.0037823445	0.0013967045	-0.00077312114	-0.0033728792	0.002633309	0.0002864343	-0.0017579864	-0.0032543475	0.00013571326	-9.5855445e-05	-0.0032149851	-0.002096557	0.0025678477	0.0020966576	0.00019807881	-0.0011744928	-0.0020219674	-0.0029095295	0.0017285692	-0.0017958903	-0.0012278617	-0.0009863498	0.0014720708	0.0020235474	0.00015895441	-0.0005921684	0.0032766843	-0.0017474433	0.0017834706	0.0013324786	-0.0036100666	-0.00096351467	0.0008850326	-0.003717774	0.00014051283	0.0015334026	-0.00357965	-0.0035435366	-0.00082465075	0.0012907791	-0.003190591	-0.0016090157	0.0036440194	0.00088756764	0.0036697104	0.00024829898	-0.0034646648	-0.0028758924	-0.000901537	0.0002574874	-0.0017325119	0.003285932	-0.0031623337	0.0025712047	0.0013686744	-0.0022845617	-0.0006020637	-0.0035498133	-0.002421171	0.0022192607	-0.0020044567	-0.0013194522	-0.0038749706	-0.0015679528	-0.000977248	0.0022924459	-0.0036425055	0.00046909833
-0.0029902654	0.002546384	-0.0012647877	0.00044143386	4.294701e-05	0.0017333622	2.8586946e-06	-0.0014716019	-0.0021570064	0.0026715193	0.0010033823	0.0035586376	0.0035397871	0.0022635325	-0.0024108714	-0.0011835308	-0.0036740568	0.0017756149	-0.0022491151	-0.0035636462	0.0021334924	0.003154031	-0.002295094	0.0013625207	-0.0017275056	-0.0016358001	-0.001323252	0.0034438656	-0.0015971898	-0.0036609904	-0.0022760439	0.0025294125	-0.0038696667	-0.0005314192	0.0011743894	-0.0015811156	-0.002835223	0.0035512908	-0.0021375474	-0.00028381543	0.0015086872	0.0015760069	-0.0012327982	0.0038363365	-0.0011226232	0.003501839	-1.5995465e-06	-0.0014239377	0.003190747	-0.002011457	0.0008596787	-0.0020836568	0.0028770054	-0.0037654578	0.0026104874	-0.0024319668	0.001916605	-0.0012912694	-0.0038053906	-0.0019889786	0.0024992046	0.0015340755	-0.0028883247	-0.002728628	0.003035172	0.0038255262	-0.002496602	-0.0022732	0.001485535	0.0016022567	-0.0021481016	-0.0027825432	-0.003626912	0.0013170345	0.002018569	0.0022489033	-0.0017034649	0.0031424402	0.0011107903	0.0017428887	-0.0033052894	-0.0015094271	0.0033668266	-0.0025297957	-0.001095756	0.003607464	-0.0033599292	0.00067911437	0.0005335328	-0.00032099523	-0.003177904	-0.0018261918	0.0023879358	0.0009638439	0.0006697434	0.00048241857	-0.00012021884	-0.0034894925	-0.0021354551	0.0008922932	-0.0016929507	0.002782239	-4.8625283e-05	-0.0027056183	0.0029379604	-0.0006153076	0.0029310859	-0.0028647636	0.0027458337	-0.0017931121	-0.00048360555	-0.0013641506	-0.0020255507	0.0006468226	0.0035339338	-0.0034388201	0.00023447862	0.0014471919	-0.0025427393	-0.0026884666	0.0012290729	-0.003305484	0.003145082	0.0029068105	0.0011177785	0.002719331	-0.0021403814	-0.0012212154
0.0032049986	-0.00016449997	0.00010388205	0.001069346	0.002431197	-0.0007608817	0.0024592862	6.394973e-05	0.00089512207	0.00033932552	0.0016390425	-0.003496943	0.003697564	0.002140874	-0.0026579672	-0.0007153582	0.003066483	-0.0033048326	0.0023889262	0.0033224365	-0.0014856164	0.0031395517	0.00054186536	-0.0011098771	-0.0027564652	-0.0006009536	0.0016361792	0.0027615484	-0.002404905	0.0037206155	0.0021182783	-0.0029866695	0.0011506444	0.0008277898	-0.00070914486	-0.0015745205	0.0036921655	0.002961059	0.0032898574	-0.0028663203	-0.0032736114	0.0011179573	-0.0036918195	-0.0029654657	0.0025923187	-0.002235956	-0.0025444375	0.0013692216	-0.0038922462	-0.00012010895	-0.0033314698	-0.0020912294	0.0035723993	0.0011070264	0.0024928441	-0.002533915	-0.0028718407	0.0016142875	0.0014696186	0.003446031	-0.003327584	0.0008520782	-0.002672942	0.003826925	-0.0027817152	0.0025029285	0.0016302378	0.0027634995	-0.0005627009	0.00047329487	-0.0034374492	-0.0012890096	0.0008678953	-0.0031428677	-0.003044257	0.0024805274	-0.003624138	-0.0025998717	-0.0005279416	-0.0033793943	0.0018043863	0.001136072	-0.0032344623	0.0008096122	0.0029368135	0.002010691	-0.0026083845	0.00034993095	0.0020313216	0.0001491569	-0.0022021425	-0.002403167	0.0011601439	-0.0024879207	0.0019367505	0.00016854657	0.0014654333	0.0034115007	-0.002025982	0.0035806703	-0.0017119697	0.00050488906	-0.0026353751	0.0021628505	-0.0017214231	0.0018394804	-0.00029562647	-0.00260702	0.0038381424	0.0035368227	-0.0024575703	-0.0009913333	0.0029463116	0.0022127284	-0.0025316249	0.0026218975	0.0020094872	0.003735627	0.0029851934	-0.0022763922	0.00019690394	0.0008578459	0.0016989079	-0.00048615132	-0.0011526705	-0.00086679263	0.00084137125	-0.0017397087
-0.0026392718	-0.00017120456	-0.0020828443	-0.0010318076	0.0038935645	7.3118135e-06	-0.00032753125	-0.0031503434	-0.0013642441	0.0022846498	0.0031327363	0.0005588643	-0.0028309966	-0.003292094	-0.0018063011	0.0020534573	0.0028838636	-0.0014540222	-0.0020956667	0.001868879	-0.0037122485	-0.0027164128	0.002196956	0.0021123076	-0.0019219774	0.00098421	0.0038471376	-0.002831513	0.0036622053	-0.0027481024	-0.0025001955	-0.0030571143	0.0017568995	-0.00051904516	-0.002451751	3.0218624e-05	0.001136703	0.0008977591	0.0021821163	-0.003073452	0.001833233	-0.001676084	-0.0005248757	0.0022365744	-0.0033923998	0.0036883685	-0.00094465865	-0.0030703675	-0.0017422191	-0.002417996	0.0014163596	0.001221268	0.0004675598	0.0025052214	-0.0020374386	-0.0020415648	0.002621206	0.0021606288	-0.0031837625	-0.002768238	-0.0023632199	0.0030862805	-0.0017297915	5.782349e-05	0.003568457	-0.0031710798	-0.0019363211	0.0019434518	0.0034779585	-0.003002394	-0.000850379	0.002039411	-0.000976895	0.002031587	0.0025120568	-0.0002416498	0.0011023334	0.0020790054	0.0021226085	-0.0031868536	-0.0020934176	0.0013184426	-0.0016322043	0.0005864892	0.00092463754	-0.00015979726	-0.002075653	0.0016992986	0.0027782177	0.0037210174	-0.003325895	0.0024062428	0.0007318682	-0.003258897	0.0029803663	-0.00012901891	-0.0008781203	-0.0016086972	-0.0033350983	-0.0027357466	0.0028188736	0.0030175499	-0.00036108308	0.0004208116	-0.0031412388	0.0032370323	-0.00092732674	0.00026548048	-0.0018915627	0.0005895253	-0.0026848149	0.0001594522	-0.0020396877	-0.00073597254	0.0030525033	-0.002487246	-0.0036114543	-0.0008590827	-0.00036206143	-0.0006511416	-0.0006254669	0.00071210554	0.00045828382	-0.0036670552	0.0019992827	0.0035865721	0.002533894	0.0016304022
0.000120937824	-0.0026654052	-0.00057645375	0.0006503095	-0.0028427294	-0.00091534574	0.002647317	0.0032347906	0.003634655	0.002839272	-0.0007999707	-0.0019008946	-0.003510836	-0.0024830592	-0.0010494092	0.00081760576	0.0033010435	-0.00026459852	0.0031166817	0.0014534257	-0.00010528695	-0.003785808	0.00375262	-0.0028293715	-0.0016549467	0.00042455178	-0.0025784997	0.0024271868	-0.0010828916	-0.0016424968	-0.00012452155	0.0003525745	0.0017285375	0.0022066063	-0.0034530964	-0.0038247039	-0.003807765	-0.0035781516	0.003292696	-0.0022231056	-0.002230795	0.00018747663	0.0032286057	0.0008497471	-0.0030881478	0.002593698	0.0012877216	0.0003919457	0.00053827465	0.0032178685	-0.0011969693	-8.8117085e-05	-0.0020701322	0.0022447822	0.0037381072	-0.00093180826	0.0009034034	-0.002847456	-0.00052526174	0.00079031615	-0.00074033067	-0.0035709604	0.0030507678	-0.0005795192	0.0033589625	-0.0025336086	-0.000118522905	0.003142131	0.0025593475	-0.002600526	0.0022375532	6.036414e-05	-0.0019112024	-0.0033008005	-4.4926535e-05	0.0022966624	-0.0019796542	-0.002295998	0.002216253	-0.0013813297	0.0005274033	0.0022030384	-0.0021422808	-0.0009944541	0.001764189	-0.0016413778	0.0015216745	0.00014249049	-0.0033616954	-0.00021973113	-0.00038734404	-0.0021761195	-0.0018940121	-0.0033896696	0.0017811623	0.0003110096	0.0002177963	-0.003237695	0.0012027123	-0.0013823062	0.00054339925	-0.002295733	9.746011e-05	0.0020325403	0.0030829525	0.0036173724	-0.00025680615	0.0021259747	-0.0010659168	-0.0035090158	-0.0027669165	0.0025383648	-0.00057036104	-0.0012329896	-0.0028093737	0.0007560849	0.0014663003	-0.000744354	-0.0023028022	0.0024414356	0.00073487824	-5.9895217e-05	0.0028585414	-0.0008585709	-0.00024231942	0.0027579088	-0.0010231305	0.0035739471
0.007529686	-0.0054895133	0.0047875335	0.004040825	0.0031313095	-0.005390405	0.0049767843	0.007920446	0.008515084	-0.0051986123	-0.008029032	-0.0075856578	0.00468977	0.005713706	-0.004047772	-0.004834968	-0.008855482	0.0034346133	0.010177335	-0.0031505784	-0.008578624	-0.005631814	0.003061889	-0.0064720386	0.010421594	-0.009619675	0.0060266997	-0.009981881	-0.0083645815	-0.0073831566	0.006092269	-0.0033604668	0.00608707	-0.009605039	-0.0065577086	0.0102867475	-0.004798417	-0.008864741	-0.006013423	0.009006775	-0.0037189943	-0.005741586	-0.0059688026	0.009277321	0.0099876635	0.0074322186	0.0049023507	-0.0030108178	0.0061227344	-0.0045456546	0.006476788	0.006851283	0.010367321	0.010217897	0.0067946916	0.0036717537	-0.0077210525	-0.00947485	-0.0031185595	0.0064193355	0.006456133	-0.003182144	0.0036502993	-0.0031153187	0.008323965	-0.009217947	-0.0068138773	-0.009020111	-0.0103282835	0.0057509574	0.0061111515	-0.0060408087	-0.00755021	0.007535649	-0.008798281	-0.009436051	-0.004506598	-0.0065211523	0.009627609	-0.0047830394	-0.007046583	-0.0058152927	-0.0030207029	0.0055410913	0.0041930014	-0.008982062	0.0076478478	0.010270517	-0.00907391	-0.006551951	0.009775711	0.010480407	0.009088129	0.009402031	0.003791839	-0.006699556	-0.006381535	-0.009443685	0.007066447	0.0070336945	-0.0059485603	-0.0051873643	-0.008573759	-0.009421151	-0.009225186	0.008729105	-0.007413675	0.008582905	-0.0061994083	-0.0030314028	0.0066018347	-0.00578266	0.008256265	0.010464428	0.0029018372	0.004016804	0.007456596	0.009617602	0.008626077	0.0071581537	-0.00823593	0.0090493	0.009357159	-0.0074559557	-0.007813202	-0.0050805933	0.0062714685	0.008603951
0.009149259	-0.010482332	0.006156322	0.0048851073	0.010575587	-0.004570013	0.008907218	0.006127772	0.0034777427	-0.0062558004	-0.0045261355	-0.0035966372	0.0084728785	0.009081872	-0.006720209	-0.0081139635	-0.007515616	0.0033635604	0.009174161	-0.010025227	-0.008543031	-0.0096734	0.0071839765	-0.008434174	0.0033341483	-0.0055933213	0.007499557	-0.0046850313	-0.0101371	-0.009852637	0.0071961177	-0.007790401	0.00957894	-0.005947682	-0.0055659185	0.004583854	-0.008985167	-0.008226663	-0.006509884	0.0073425686	-0.009594607	-0.005531963	-0.0042479723	0.007912851	0.0034007053	0.008175152	0.010126587	-0.010633829	0.0051717907	-0.0052772216	0.008907998	0.0041578524	0.004156557	0.007837784	0.003298128	0.008587637	-0.0057191537	-0.0045625195	-0.008607609	0.0053276997	0.010425137	-0.0090546375	0.0029635332	-0.003695907	0.0068536084	-0.009262313	-0.008629353	-0.0100251855	-0.004762612	0.005944266	0.005155497	-0.0036527524	-0.006638006	0.005729924	-0.009432211	-0.0032306197	-0.0063317623	-0.004157737	0.0031598448	-0.008727779	-0.0033855517	-0.007899118	-0.007621062	0.006971147	0.009713887	-0.010618775	0.003837336	0.0031265006	-0.005409406	-0.0052932296	0.00805547	0.00762541	0.0059976005	0.008861435	0.0053677214	-0.0032445474	-0.006464338	-0.0055784876	0.006633179	0.0032520485	-0.0055399733	-0.010369278	-0.008523592	-0.0077977804	-0.0047367956	0.00819493	-0.010164081	0.0071242847	-0.00804393	-0.0077345837	0.0052275592	-0.008540259	0.008854218	0.0028906497	0.008167059	0.0042571397	0.009493037	0.007143442	0.0088135535	0.006248577	-0.006198815	0.00563245	0.009382891	-0.009901892	-0.007684089	-0.0045766234	0.010542461	0.010316723
-0.0021350496	0.0025771968	0.00067064865	0.0032649152	-0.0016550678	0.0004228144	0.000109382905	0.0016185008	0.0010594786	0.0036230423	-0.0018633832	-0.0030603246	0.001262174	-0.0011883909	-0.0030141333	-0.0016347724	-0.002727583	0.0019848282	0.003846699	0.0023893001	-0.0012331535	-0.0035715802	-0.0034838296	0.0034646215	0.0021019336	-0.0006740242	-0.0030050846	-0.0017025634	0.00057443976	0.002810134	0.0031648665	0.003608848	-0.0026912708	0.0037300363	-0.00051929895	0.0038513849	-0.0012970408	0.0023473874	0.0010915431	0.0011607828	-0.0022534803	0.003799715	-0.0030290014	0.0030351374	2.8922223e-06	-0.0014705979	0.0038772994	-0.0017740326	6.157858e-05	-0.002602729	0.0035578883	0.0009849835	0.0014255745	0.003111538	0.0027578901	0.0025643082	-0.0024473388	0.0030841078	0.00092942733	-0.003842352	0.00072566	0.0022304878	-0.003879184	0.0012490917	0.0014058575	-0.0030013104	-0.0025992184	0.0017922246	-0.0023896857	-0.0018154313	-0.0014046184	0.0012390297	0.0034988075	0.001382844	-0.001434661	0.0018570907	0.0032751192	0.0024206666	-0.0034256051	0.0010589007	-0.002091668	0.0015930561	-0.003434239	0.0007327292	0.0007524723	0.001003644	0.0014156089	-0.0034451783	-0.0029831026	-0.00057571894	0.0017640074	-0.0016282666	0.00039036712	0.0003340561	0.0015168465	-0.0026971987	0.002011403	0.0008203173	0.0009827809	0.00071964925	-0.0017700223	-0.0010922337	0.003093807	-0.0028638602	0.0018523862	0.0013592695	-0.0029724278	0.0010503265	0.00047032023	0.0010553878	0.0024373	0.0017034435	-0.0031948043	-0.00010723015	-0.000844575	-0.0026238472	0.0011821291	0.0020884993	0.00298235	-0.00012934068	0.00038825162	0.003361518	0.0011722269	-0.0036853845	0.0024350365	-0.0005888748	-0.001351953	0.002137415
0.002518998	0.00094811013	-0.002782967	0.0007959986	-0.0024156151	0.0017672433	-0.0032622884	0.00088414643	-0.00192081	-0.002241827	-0.0033575734	-0.00067636743	0.002238545	-0.0018624999	-0.00025685644	0.0014797826	-0.0024552648	-0.0024804738	0.0012387689	0.0035651154	-0.0013612583	0.0023785676	0.003465835	-0.00096629607	-0.00062186364	0.00031524803	0.0021059844	0.00045143953	0.00011197338	-0.001626574	0.0008189208	-0.00011581369	-0.002471066	0.0009673168	0.003543716	-0.003644256	0.0015919106	0.0026079398	0.0037609222	0.0032675168	0.0019838386	0.000439269	0.000109601766	0.00025344547	-0.0024537477	0.0015183561	-0.0015480998	-0.0036091856	0.0023584077	0.003501888	-0.0011858903	-0.00010179961	0.00057670893	0.0022956901	0.00019588554	-0.00055427663	0.0028976914	-0.00089553883	-2.3606699e-05	0.00032485276	-0.0021274118	-0.0029681018	-0.0034252647	0.000702986	0.00080706645	0.0017709136	0.0018379018	0.001686078	0.0011629895	0.0014966098	0.0025644624	0.0003637732	-0.0028055669	-0.003313459	-0.0033461764	0.00232261	0.0018867957	-0.00090372004	0.0003133132	0.0017554169	-0.0022329288	-0.0033407947	0.003769266	0.0025017941	-0.0030350327	0.0014325934	-0.00055616535	0.0016731978	-0.0005915002	-0.00014577573	0.0016049333	0.00038738595	-0.0031520496	0.000325921	-5.243346e-06	0.0012423638	0.0010548416	0.0018308433	-0.0027042162	0.0023772428	-0.003569608	-0.0017653876	0.001851772	0.0011374527	0.0005906145	0.0015703146	-0.000934524	0.0012171138	-0.002107054	-0.0020228405	9.1919675e-05	0.0030091107	0.0029380014	-0.0023085936	1.7508864e-07	-0.0035035475	-0.0034008771	0.0021522385	-0.0015410446	-0.0013805926	-0.0012618257	0.00067366706	-0.00029122783	0.00053373585	-0.00092574395	0.0018234067	0.0007436215	0.0013025734
0.0013735252	-0.00023581926	-0.0007979148	-0.0032053767	-0.00327757	0.0013684332	6.759958e-05	0.0018090005	0.0002067429	0.0005572825	-0.0029774792	-0.0004405952	-0.002461452	0.0038352027	0.0023076688	-0.00011032447	-0.003529911	-0.002415767	0.0004936815	0.002467174	-0.003179438	0.0011360659	0.0017042574	-0.0037102639	0.0035112128	-0.0034000194	0.001750336	-0.000636104	-0.0035187062	0.0006430694	-0.0037152898	0.0023318767	-0.00016895682	0.0029167067	-0.0030894098	0.0038217749	0.0018062829	5.303044e-05	0.00046154205	-0.00374533	-0.0038645025	-0.0028449744	-0.0006776429	-8.161599e-05	0.003817778	0.0035679583	0.0036897133	0.0032080477	0.0016403431	0.0013620663	0.00013242895	0.0019708402	0.0035525751	-0.0025959993	0.0012920266	-0.0021197437	0.0007265038	0.0020837598	-0.003660087	-0.00024829293	0.0011972422	-0.00032766862	0.0025185011	0.0015809536	0.00029643392	-0.0038108607	-0.0031541018	0.000869988	-0.0008447035	-0.0035989573	0.0033830344	0.0009946297	0.0021093218	0.0034135338	0.00076012406	-0.0037271166	0.0006308402	0.0007780022	-0.0035150144	0.0014970014	0.002243408	3.560027e-05	0.00093039684	0.0030589416	0.00048809545	-0.00021265075	0.0010871994	-0.00387017	0.00060531683	0.0021768226	-0.0026442767	-0.00070007984	-0.0014563738	-0.003727451	-0.0006686575	-0.001534217	-0.003317962	0.0025913497	-0.0010718349	-0.0026754597	0.0013087122	-0.0010857433	-0.0022035292	0.0027418276	0.0020266352	0.0031586145	-0.0032698656	0.0038113138	0.00050197914	0.0020934576	-0.0026223594	-0.00072213216	-0.0014015799	-0.002393485	-0.0022295252	0.0011278773	0.0015322734	0.0036874171	-0.0018946747	0.0017836564	-0.0009167725	-0.0011284398	0.0031171623	0.002822029	4.0554907e-05	0.0019106483	0.0028984286	-3.5640784e-05
6.120419e-05	-0.0014125202	-0.0037050764	0.0017939471	0.0034057256	-0.0012809075	-0.0018666447	-0.0026635937	0.0026735212	0.0031592478	-0.0027953298	-0.0024412847	0.003686923	0.0023010843	-0.00040686503	-0.0035559074	0.0038387454	0.001285431	0.00018281303	0.00081475265	-0.0032363036	-0.0028606253	0.0035183472	-0.0029781074	0.0036412096	-0.0010583117	-0.0013326434	0.00038830936	0.0025234376	0.001105262	-0.002642971	-0.00065467367	-0.0023162607	-0.0029746285	0.0016363608	0.0014245906	-0.0018785093	0.0027400278	-0.0022724615	-0.002941776	0.0022790893	0.0017657746	0.0002752375	0.0021063983	0.001980836	0.0008408008	-0.0034100716	0.0036154687	4.7727954e-05	0.002111794	0.0038184277	0.0021198713	0.002479368	0.0027144863	-0.00047633378	0.00084816944	-8.5719395e-05	-0.0030603013	0.0016019428	0.0033582598	-0.0014864118	-0.0016254415	0.0023300182	0.0011462569	0.002241462	0.002495489	-0.0029967516	0.0032924474	-0.00017042598	0.00078152074	-0.0032083164	-0.0016727662	-0.000582878	0.002236194	0.0032860115	0.0038668602	-0.0023257085	-1.0702293e-05	0.0013830215	0.0033337185	-0.0014446485	-0.0039030616	-0.0005862918	-0.0034541013	0.0027016373	-0.0019598622	-0.0038594943	-0.003155123	-0.003164005	0.0020183	-0.0029062075	-0.00021756627	-0.0012496212	0.0002802969	-0.003539647	-0.0036463859	0.00024008192	0.0020331899	-0.0029636184	-0.0030528922	-0.0014685309	-0.0025290814	0.00042362604	0.0038611311	-0.00017267931	-0.0037005045	0.0008243425	0.0017197896	-0.00027496135	0.0004059039	-0.0038785464	-0.000326565	-0.0036076885	0.0018683714	-3.067637e-05	0.0016728193	0.0029685139	0.0035435003	0.00012340909	0.000918122	-0.0035442896	0.003408888	-0.0038982318	0.0025472157	0.00043536164	0.0033501685	0.0014627595	0.0012385258
-0.0022465773	-0.0009857253	-0.003750971	0.0019934457	0.0012729936	0.0023698383	0.0034027118	-0.003071854	-0.000103675295	-0.0013520862	0.002576957	-0.0018220902	-0.00059285713	0.0017206059	-0.002660538	-0.0009492524	-0.0032833721	-0.0015873746	0.002531826	0.000816755	-0.00070180604	0.0003409679	-0.003219753	-0.0032551042	-0.003745588	-0.0027876464	-0.0025929324	-0.00041957432	0.0030093892	-0.00016690744	0.0024540029	0.002826694	0.0037219157	-0.00302239	-0.003388784	0.003043253	0.0018590055	-0.00014215615	-0.00029994035	2.3750123e-05	0.002112186	0.0023860107	-0.0025297147	-0.0027511483	-0.002180247	-0.0018608035	0.0017799041	0.0026590354	0.0009855251	-0.0012206938	-0.0032690973	-0.0033025774	0.0009197481	0.003271292	0.0029515289	-0.0036885408	-0.003381203	0.0021048966	0.0020553055	0.0033075726	-0.0035937885	1.8397812e-05	0.0022794125	0.00377479	-0.0014315303	0.0011339928	0.00082016597	0.0005298238	0.0012246091	1.4514662e-05	0.0033808197	-0.0034873197	-0.0019016261	-0.0013504047	0.0036199396	0.00084463134	0.0028278278	-0.0035446077	-0.00047266902	-0.0012298785	-0.003663179	-0.0017717974	0.00084038405	0.0014500329	0.0013516378	-0.0019738432	0.0029050377	-0.0028114598	0.0018631835	0.0028450727	0.002880528	-0.0019806088	-0.00025257654	0.0022711572	0.0022334899	-0.002915795	-0.0012089098	0.0003244467	-0.001045845	0.001584	-0.003605716	-0.0007794453	-0.002370845	0.00046927622	0.0012214789	0.0025948207	0.00069500227	0.0008971016	0.0010165162	-0.001000084	-0.0015825108	0.00093676755	0.00056080753	-0.0017068372	-0.0022550984	0.0012414651	-0.0015505021	0.0005526766	0.0036839838	-0.0009068041	-0.0015916531	-0.0026087197	0.0018688142	0.0018283841	0.002690595	0.003025272	0.0036759046	0.0020067026
0.00083018607	-0.0004088739	0.00021932041	0.0020703357	-0.0020072502	-0.00048672035	0.0016222149	0.0019255043	-0.002053734	-0.0027198964	-0.00089390576	-0.0032627215	-0.0036560204	0.0016839127	-0.0014103907	0.0032328125	0.0011528125	-0.002431245	-0.0027439548	-0.0016567116	0.0022934903	-0.0013938108	0.0034153457	0.0026088865	-0.0035974346	-0.0021423162	-0.0012513427	-0.0010591047	-0.0034717452	-0.0034090434	0.0007288889	-0.0010629743	-0.0007788441	0.0037406958	-0.00045481604	0.00044825347	0.00014080945	0.00015328405	0.0032532709	0.0011334233	-0.0022609467	0.0034525092	-0.00076507684	-0.00082017295	-0.0007350426	0.0024197055	-0.0017618001	0.0014380254	0.0030234354	0.002154246	0.003356575	0.0020832736	-0.0006450997	0.0032992382	-0.0019653286	-0.003320702	-0.0008246568	-0.003886295	0.0013901624	-0.0024373974	-0.002663958	0.0026425542	-0.0037687584	0.00017427653	-0.0032790648	-0.0010560956	0.00065482454	0.002229156	-0.0021405527	-0.003023108	0.0028029997	-0.0033341274	-0.00039411057	0.00037121633	-0.002763318	0.00077870814	2.4464447e-05	0.0018594954	0.0038473425	-0.001547182	-0.0017393008	0.0010633077	0.0035522156	0.00289405	-0.0030897013	0.0016804016	0.0034761783	0.0027537132	0.0020200168	0.0035487674	-0.0022512558	-0.0025886544	0.00019607414	-0.0016200026	-0.0024260934	-0.00034172228	-0.0036132447	0.0007979218	-0.0022457838	-0.0028485707	0.0038419059	-0.0017324295	-0.00029618014	-0.0036296663	-0.0012725531	-0.00040467363	0.0010660449	0.0024025864	-0.0029877713	0.00018302538	-0.0026032026	0.0033318265	0.0028480696	0.0007585166	0.00022118632	0.0034529744	-0.0033856067	0.0033970522	-4.606787e-06	-0.0010049692	-0.0022766525	0.0022042897	-0.00092503754	-0.0018495652	0.0010444648	0.00026254542	0.00094914343	0.002368695
-0.00087213144	0.0030891248	0.0026210798	0.0022953372	0.0022324286	0.0035705646	-0.0029077851	5.2543357e-05	-0.0033767717	-0.0006773365	-0.00013510277	-0.0022037593	-0.00019715494	0.003193431	0.0033104979	0.000344777	0.0023917342	0.0024853363	0.0017788275	0.00019859336	0.0006424533	0.0025235894	-0.001703125	-0.00086939475	-0.0035872376	-0.003620577	0.0029397942	0.0021108757	0.0001290827	0.00041472213	-0.0035863346	0.0029509645	-0.0038508102	0.00058057904	0.0036352407	0.0011790199	0.0006585978	0.0030327514	-0.0016229055	-0.0028770156	-0.0022538058	0.0018814732	0.0003492157	0.0028216192	0.002856879	-0.0031088456	0.0015558973	-0.0030117831	-0.0024274602	-0.0012697317	0.0011862996	-0.0006156238	-0.0027564405	0.0024435986	0.0011776229	-0.0012880312	0.00093015237	-0.0014641555	0.0032180087	0.0033559855	-0.00076395366	0.00014372915	0.0019282759	0.0017382065	-0.0022085328	-0.0005129045	-0.0038557271	0.000375106	0.0029556435	0.0015955865	-0.0012013298	0.0018998571	0.001646684	0.0027776589	-0.0030749035	0.0021565459	-0.0032131504	-0.00155504	0.0011063134	-0.003567753	0.0017040968	0.0022358065	-0.0016539204	0.0031456696	-0.0037020463	0.0023971014	0.0036211992	-0.00070031406	0.0035043946	0.003879115	-0.0030854396	-0.0026879148	0.00086845644	-0.001601499	0.0030773962	0.0019889604	0.0022768346	-0.0028821332	0.001475648	0.0012056897	-0.0022010417	0.0037340596	-0.0010383497	-0.00031648437	1.2832694e-05	-0.0035137641	-0.00031910324	0.0007733307	-0.0023858044	0.0016006483	-0.0019218866	-0.0013535116	0.0008985461	0.0010723267	0.0012838515	0.0008729482	0.00038075773	-0.001019863	0.0007980033	-0.0025173328	-0.00013096351	-0.0032462412	0.0032892441	-0.00092686946	-0.0009762966	-0.0017375839	-0.003854318	-0.0026688883
0.0012774114	0.0029967264	-0.0038383338	-0.0011956692	-0.00030559115	-0.0029335641	-0.003266144	0.002320501	-0.001475465	-0.00246139	-0.0007491484	-0.0014307774	-0.003728564	-0.00014589075	-0.003514905	-0.0027316166	-0.00026483648	-0.0017462177	-0.00036099227	-0.0034776377	0.0036542676	-0.0037200395	0.0026835734	0.0027073007	0.0027078483	0.0028081788	-0.0025894744	-0.00021076808	-0.0007116222	-7.3368195e-05	-0.0010370868	-0.0021093525	0.0011531971	-0.0012257197	-0.0029961304	0.0026274049	0.0028848718	-0.0015638191	0.0014046561	0.0004725661	-3.9997976e-05	0.0022130283	0.0023134146	-0.0018061297	0.0003126203	-0.0019320203	-0.00020043133	0.002737076	0.0025771526	-0.0016233311	-0.0004087654	-0.0013304995	0.001536936	0.00093630794	0.0038450165	0.0003284081	-0.0031770878	-0.0025924365	0.0008636103	-0.0015910608	-0.003492225	-0.0009314739	0.001201014	-0.00039693387	0.0029911269	-0.0028041354	-0.0013084183	0.00025217282	-0.0017628293	-0.0028444258	0.0011490923	0.00053642504	0.0031514224	-0.0008243704	0.000893787	-0.0010503037	-0.0011484176	0.002905821	-0.0005110665	0.0037679845	-0.00053346343	-0.0007136483	-0.00019174581	0.0009319745	0.0020007095	0.0012459629	-0.0021350342	-0.0038880412	0.0017894893	-0.0014265724	-0.0030307341	0.002075119	-6.818352e-05	-7.145293e-05	-0.0037514805	-0.00042033382	0.0025589326	0.0021689828	0.0032963837	0.0017736228	0.0033968752	0.0033913963	-0.0013330071	0.00083468016	-8.172821e-05	0.0014194059	0.0017636581	0.0017194729	-0.0019979617	0.0020652395	-0.003799968	0.0036393749	0.0037705451	-0.0012636823	-0.0033858875	0.0024818066	0.0024863877	-0.0013190806	-0.0019299183	-0.002340809	-0.0038065505	0.0008482444	-0.00011997344	-7.4694864e-05	-0.0030643153	0.0037373137	-0.00022359937	0.0031273216
-0.00039549964	0.0036079609	0.0023797257	-0.00073625566	-0.0016214028	0.0017550238	0.0012623025	-0.0037299711	-0.0027600434	-0.0033036526	-0.0021227198	-1.0741875e-05	-0.0012504347	0.0015708646	0.0023488905	-0.0019491077	-0.0023268033	-0.0030769813	0.00064319745	0.0018415302	-0.0012564207	0.0031032576	-0.0026429924	0.0035610278	-0.000104482286	-0.0027042474	-0.0025859694	0.0026568617	0.0018798099	0.0006452943	0.0018460075	0.0023471871	-0.0022625271	0.002972458	0.0024617813	-0.002734261	-0.0030507352	0.0014835666	-0.00031312928	0.0032411842	0.0025112	-0.0014583245	-0.0023620506	-0.0032467982	-0.0016085529	-0.0028758165	-0.0030506956	-0.00038260454	-0.0013574162	-7.729046e-05	-0.0034684138	-0.00021880027	-0.0024916818	-0.0015394008	-0.0019050376	0.0017573559	-0.0033350624	-9.902753e-05	-0.003084233	0.0009153704	0.0018988149	-0.0034700981	-0.0014473894	0.0014312263	0.00027543353	0.00030498859	0.0029057008	0.0001772698	0.0039046765	0.002502624	-0.0006509521	0.0009288788	-0.00027559744	0.0010530432	-0.0022057844	-0.0010086084	0.0012632417	0.0032314695	0.0012784582	-0.00051365	-0.002335594	-0.00072520506	0.0012957077	-0.0030886922	0.0018463829	0.0038110535	-0.002185278	-0.001989876	0.0012286473	-0.001356836	-0.0028790147	0.0022266498	0.0014467449	0.0022185538	-0.0021301461	-0.0026932168	0.0021205456	0.0008683163	-0.0015461557	-0.0025873552	0.0017265938	-0.0031183236	-0.0015330818	-0.003359619	0.0022594305	-0.00083316676	-0.003135765	-0.0014726985	-0.0029146029	0.0025581466	0.001133835	0.0003691218	-0.00013720058	-0.00024199346	-0.00017154869	-0.0011984818	-0.0011416306	0.0036300682	0.0037853522	-0.0019409116	-0.003088824	0.00065805856	0.0012458493	-0.0023508803	0.0029814807	0.0010048007	0.003755474	0.0020500198
0.0035545756	0.0026699668	-0.0021729232	-0.0030254745	0.0010560085	0.0009858343	0.002596939	0.00025889603	0.0019381526	-0.0016493108	0.003254875	0.0020528324	1.579104e-05	-0.0013168622	-0.0019849762	-0.0031771422	-0.0007873159	-0.0033630203	-0.003060779	0.0034444267	0.0021942887	-0.0034544752	0.002207933	0.002259139	0.002096695	0.0033679958	0.0023336927	0.00094877416	0.0031917766	-0.0012310725	-4.456751e-05	-0.002162159	0.0009976639	0.0026886323	-0.0010892963	-0.0011637192	-0.00033417437	-0.003091062	-0.0012501944	0.0009798808	-0.0028666146	-0.0030279732	-0.00065527484	0.0033936948	-0.0037197894	0.00067004515	-0.00080783106	-0.0008180486	0.0028505293	-0.0005023773	-0.0026992122	0.003118381	0.0029069078	-0.0034218086	-0.0021102102	-0.00039851386	-0.0033868556	0.0031152666	0.00010991143	-0.00092824036	-0.0019625244	0.0022322633	-0.00016208505	0.0012443764	0.00054149935	0.0019693952	0.0014768024	-0.0008124723	0.0011164965	-0.0007594088	0.00057479274	-0.0018256046	-0.003582655	0.0016044863	-0.0023193834	0.0032761646	0.0013478897	0.0038556475	0.003664276	-0.0031333873	-0.0019136444	0.0025388976	-0.0018532728	0.0013702908	0.0008426667	-0.0021645995	0.001142343	0.0013092412	-0.00024033803	-0.00044408906	-0.0004790118	-0.0010340321	-0.0012361151	-0.003834847	0.0029481687	0.003878456	0.0020148875	-0.00049062213	0.0016442672	0.0030003274	-0.003234909	-0.0020862618	0.0025535375	0.0025615883	-0.00071138516	-0.0035553724	-0.0037501422	0.0016871458	0.0002380968	-0.0034480877	0.0016908152	0.0012908056	-0.001475777	-0.00032437267	0.0009981156	0.0012475876	0.0012221518	0.0035204878	0.00013605785	-0.0020800564	-0.0029592826	0.0010861522	-0.0028092824	-0.0031050513	-0.00331272	0.00064056367	-0.0016748561	-0.0039005163
9.620283e-05	-0.00095091015	-0.0014239461	0.0009147292	0.0009912085	0.00029630493	-0.001733032	0.002099759	0.0017468273	0.00042104768	-3.665546e-05	0.0010347511	-0.0037847012	-0.0014424911	0.0035273177	-0.0018059951	0.0036725672	-0.0007409584	0.003648608	0.0028538262	-0.00016556773	0.0019796658	0.00043671904	-0.00020538317	0.0020309058	-0.0034466106	-0.0035551349	0.000378259	-0.0029285732	0.0027383068	-0.0028573791	-0.0023300797	-0.0018051686	0.0005739555	-0.00012405962	-0.0031586397	0.00075053656	-0.0026368336	0.0026379288	0.0015424122	0.0024049673	-0.0021158755	0.0002681883	0.002966342	0.001374891	0.00016367482	0.0012956983	-0.00039846404	0.0012443736	0.0024922867	-0.0015652021	0.0005955463	-0.0020261859	0.0011052322	-0.002836227	-0.0011295155	-7.2717667e-06	-0.0029305462	-0.00041224575	-0.00036421465	-0.0018212534	-0.0039024497	0.0005238387	0.0011817361	-0.0033414215	0.0020605852	0.0019197846	0.0018252293	0.0014839577	0.0011019572	-0.0014402773	0.0039050584	-0.0014357814	0.0029887804	0.0001075957	0.0034637307	0.0037069712	-0.0031986297	-0.00019533513	0.0020955978	-0.0011425312	0.001623801	-0.002209655	0.0014832239	0.0034416034	-0.0023436598	0.0032029296	-0.0012822896	0.000105507206	0.0034023183	-0.0034000739	0.001610022	-0.0009905458	-0.0011517699	-0.0012283032	-0.0032548513	-0.0010788897	-0.0005190377	-0.0007248232	-0.0002974691	0.0017499942	-0.0026273597	-0.0012598108	-0.0019480698	-0.002156266	0.0031645484	0.00084095774	-0.0024154051	-0.00020586606	-0.0038727182	-0.002212732	0.00026148	-0.002521081	0.0012776838	0.002216713	0.001979459	-0.0003107679	-0.0013936828	-0.002583583	0.0010200846	0.0005846927	0.0015772707	0.0010325867	0.0013404735	0.0029937522	-0.001045926	0.0025830115	-0.0020247898
0.0037250016	0.00046591042	-0.0019209799	-0.0025381902	0.0021192636	-0.0012406958	-0.0002786573	-0.0008516824	0.00057957415	0.0009425725	-0.0031694705	0.0015146192	-0.0028196527	-0.0038144402	-0.0020751255	-0.003020077	0.0037445272	-0.0023066662	0.0025812443	-0.0036804937	0.00037231157	0.0038536796	-0.0007100352	-0.00050318986	-0.0028705564	-0.00035410235	-0.00035001058	0.0006654537	-0.002029928	-0.00041619968	-0.002722497	-0.0028780885	0.002347981	0.0030151699	-0.0034866668	-0.0037272708	-0.0024870564	0.0008688425	0.00065716356	0.003360393	-0.0027246112	0.00088624936	0.0033504856	-0.0014387341	0.002847591	0.0013525095	-0.002075029	0.0018209172	0.0027363715	-0.00093422364	-0.0015279818	-0.0025030077	-0.002503715	-0.0030360036	-0.0031957845	-0.0024380833	-0.0019577276	-0.0022326228	-0.0027003922	0.0028294576	0.0016539651	0.0032150927	-0.0024717455	0.00067041116	-0.0004383498	-0.0029244549	0.0021100822	0.0036108238	-0.00021981588	-0.0028569521	0.0031877602	0.0007016207	0.0016729897	0.0009575202	-0.002760511	0.0026411368	0.0012772763	0.0009522829	0.002827705	0.0008179913	0.0030001528	0.000546806	-0.0028514112	-0.0034569805	-9.561563e-05	-0.00070927804	0.0025297618	0.00010134932	0.0013023261	-0.00029132143	-0.00068244245	0.0004222733	-0.0028582914	0.001653464	0.0012176493	0.0007465603	0.0026229727	0.00049438514	-0.00044414448	-0.0010960368	-0.0030620513	0.00082266796	0.003116175	0.0014156001	0.0033193692	0.0019429261	0.0016498505	-0.0006361054	-0.0008120872	-0.0037806276	0.000758206	-0.0022011944	0.0013788817	0.0022926414	-0.002934645	-0.0016771764	0.002225738	0.0026055952	-0.0030285069	-0.0010395478	0.0017143716	0.001637435	0.0036493484	-0.0028657746	0.0016033994	0.0014907094	0.0019711303	0.00072938576
0.0015087551	-0.0015981724	-0.0025770385	0.0010248963	-0.0025228336	-0.0016054367	0.0009158612	-0.0025367248	-0.0009832988	0.0033003362	-0.0035754591	0.0029104394	-0.002830917	-0.0017390181	-0.0023407098	-0.0014188909	-0.0008554724	0.001776563	6.960146e-05	0.0037852302	-0.0035588178	0.0027173706	0.0007032044	0.0032239673	0.002693716	-0.0022710753	-0.0031149522	9.2088245e-05	0.002085804	0.0017596018	-0.0026167058	-0.002668256	-0.002725463	0.0035258061	0.0027268343	-0.0010638777	0.00029015215	-0.00030641397	-0.0013263258	0.0007351837	0.003409518	-0.0012473385	0.001984505	-0.0029239831	0.00077175815	0.0017305817	0.0015218654	-0.0033355462	0.0017730175	-0.0012159408	0.0036851503	-0.00053991145	-0.0017793318	0.0038833246	-0.0003753407	-0.0037106406	-0.0015897932	-0.0014447593	0.0035438342	0.0022985963	-0.0036641718	0.0037970864	0.00074998615	-0.0025710776	0.0007518581	-0.002171576	-0.0031901174	-0.0017059939	0.0020753122	-0.0027397806	-0.003030534	0.0025480688	0.0027319966	-0.0036166152	0.0008095391	0.002279785	0.0005851034	-0.002203858	0.0017593275	0.003488862	0.000839252	-0.0011869608	-0.0014444254	0.0036715725	0.0008471501	-0.0014977613	0.00026211469	0.0027942131	0.0018885271	-0.0007778392	-0.0036941627	-0.001978681	-0.0016049431	0.0036293175	0.00027305586	-0.00046360446	-0.0032692403	-0.0019655372	0.00014696782	-0.0034346804	0.00025680475	-0.00019483361	-0.00077320077	0.00035806932	0.0010182289	-0.0009992928	0.002609836	0.0030620657	-0.0021396545	-0.0017321417	0.0032182331	-0.000120988116	-0.00029025553	0.002570476	0.001960752	-0.0027514133	-0.002399215	-0.0038830498	-0.0019798647	0.001594903	0.002149342	-0.0017566807	-0.0037967418	0.0018598805	-0.0010323036	-0.0017738915	0.0020245714	0.0019241394
-0.00380468	-0.0011940403	0.0018518232	0.0038866047	-0.0014158878	0.0030882484	0.0019847811	-0.0025029457	-0.0038378262	-0.0009222585	0.0025135232	-0.0038591293	-0.0023189671	0.0019016508	0.0016209772	0.0029148548	-0.0014346787	-0.003706464	-0.0017426163	-0.002488358	-0.0004469757	0.0029291338	-0.0016392702	0.0021220804	0.0017044172	0.0037968429	0.0025678142	0.0016444451	0.003018221	-0.0011412725	0.00093015516	-0.0017997934	-0.0023086946	-0.003014538	0.00057000946	0.0030805292	-0.0025917822	0.0007883054	0.0032510436	-0.00052582193	-0.00047527486	-0.0033874325	-0.0013892604	-0.00015290128	0.0024611661	0.0033285227	-0.0033238512	0.0001665391	-0.0002741809	0.0021438426	0.0035208776	-0.00030029658	-0.0012152847	-0.003363525	-0.0029567624	0.00047958922	-0.0022658939	-0.0032464317	-0.0029966254	0.003071569	-0.0009326278	-0.0010412573	0.0026791408	0.0031679953	-0.003361354	-0.0006017112	-0.0018699691	0.0037314184	-0.0012087757	0.003740171	0.0026577679	0.0013651759	-0.0030527054	0.0015453431	-0.00019981293	0.00324297	0.0007041106	0.001942453	-2.0067208e-05	0.0016851029	0.0037207091	-0.001949057	-0.00035188813	0.0014056475	-0.00071316026	0.0032410566	-0.00052372925	0.0012116763	-0.001713722	0.0027005072	-0.0032170452	-0.00055989064	0.0013201036	0.0010889443	-0.00059550116	-0.0014319764	0.00037423614	-0.0016734344	-0.00077367807	0.0004850258	0.0016487665	0.0021338551	0.0005765008	-0.0007059411	-0.00063795364	0.0017549098	-0.0012602657	-0.0031964127	0.0006751418	-0.0013348977	0.0008271192	-0.0018775826	0.0031897244	0.0012061028	0.0021135998	-0.0019940306	0.0010171332	-0.0016219253	0.0011760131	0.0027798414	0.00020991312	0.0038061184	-0.0029903017	0.0026034634	-0.0034066052	-0.0015114769	0.0035865419	0.0032419986
0.0070236744	-0.010431335	0.0033011101	0.008193611	0.005787124	-0.0074559534	0.010278593	0.007940808	0.005270007	-0.009416284	-0.0053001903	-0.0037919942	0.0055689896	0.0028177607	-0.0049833246	-0.009688003	-0.0038571227	0.0038975603	0.010413403	-0.004549448	-0.0032935163	-0.0037893935	0.0097889975	-0.008227756	0.0069536488	-0.0060947468	0.0034831576	-0.0040997774	-0.0074398383	-0.003548651	0.0035844143	-0.006414421	0.004476031	-0.0042821663	-0.0075360145	0.0033197615	-0.005115875	-0.009076184	-0.008939082	0.0033229333	-0.0031453704	-0.004684653	-0.008984616	0.0050013517	0.004604004	0.0064364127	0.0038574068	-0.0034536063	0.009630586	-0.0029022847	0.009456411	0.0044558193	0.0039226203	0.010024214	0.00543694	0.0038771972	-0.009671857	-0.007506683	-0.008702062	0.006605553	0.006239113	-0.010293571	0.008193449	-0.004345117	0.007527775	-0.007805749	-0.0038665987	-0.006281901	-0.009806837	0.0079486575	0.008884821	-0.009349674	-0.010358933	0.0039349645	-0.0030539362	-0.003326342	-0.0045299786	-0.0055843843	0.00967061	-0.0056627165	-0.005142353	-0.008693293	-0.0029954931	0.0035703743	0.009513835	-0.0050571	0.009886227	0.0053483816	-0.004444275	-0.008039531	0.007634252	0.003206797	0.0083733825	0.0045161224	0.00722072	-0.005522215	-0.0052750204	-0.009559938	0.006352056	0.010521408	-0.008332621	-0.009048449	-0.0053786286	-0.009840203	-0.00771665	0.005170983	-0.004701753	0.0031877668	-0.009800575	-0.008528473	0.0028238236	-0.0060970467	0.008254353	0.00562383	0.0075597037	0.008190396	0.0092596775	0.0028269347	0.0043602306	0.0039482825	-0.004256911	0.006108273	0.010395023	-0.009547415	-0.008757637	-0.009814991	0.009984545	0.0044490956
-0.0018944587	0.0017755274	0.0038685463	0.0007634084	-0.00080111437	0.0019697286	-7.813331e-06	0.0031615123	-0.0007637441	-0.0018785005	-0.0011251965	-0.0018166909	-0.0031601107	0.0027026595	0.0033420497	-0.00358696	-0.002233419	0.003730528	-0.00079500023	-0.0018000733	-0.00172655	0.0018462744	0.0012911665	-0.001275016	-0.0012328164	-0.001061888	-0.0024601822	0.0011544228	0.0027672793	-0.00070188195	-0.0015054438	0.0028326763	-0.00336918	-0.0014550746	-0.0011094655	-0.0033809082	0.001253672	0.0019878093	0.0006824285	0.0017392901	-0.003578348	-0.00012378441	0.0037603676	0.0011111493	-0.0036884756	0.0030479347	0.0033590472	0.0010548327	-0.0010911366	-0.003683011	0.0025536213	0.0034303684	-0.0017225831	-0.00053729117	0.0015604775	-0.0027523153	5.536154e-05	-0.0038315929	0.0021959655	0.0021619936	0.0017490485	-0.000813738	-0.001692229	0.003515754	0.0013253507	0.00088739814	-0.0019221962	-0.0019977055	0.0032073604	-0.0032862667	-0.0036526872	0.0016110148	-0.0034602517	-0.0038026967	-0.0023803236	-0.00017813873	-5.2219722e-05	0.001246707	-0.0028751898	-0.00365126	0.0038910657	-0.003789233	0.0008155033	-0.001275687	0.0029840418	-0.0015472206	0.00051855063	0.0003105132	-0.0035053534	-0.00016344571	0.0020406726	0.00044596754	0.0028203302	0.0027801055	0.0037863618	-0.00025577983	0.003184808	-0.0021829708	-0.0026319558	-0.00045450404	0.0017316821	0.00014064042	-0.0031768675	0.002743592	0.0034990376	-0.0003733239	-0.0028989124	-0.0012421096	-0.002981082	-0.0038373843	0.00093746977	-0.0014521312	-0.0015532146	-0.0005766554	0.0017162175	-0.003305147	0.003098907	0.0027806042	0.0015466735	0.002754501	-0.0021856278	-0.0002613254	-0.0026771422	-0.00081476616	-0.0020499392	7.2664116e-05	0.0022573024	-0.0025829114
0.0024664137	-0.0014285287	-0.0020779525	0.0013031187	-0.003465843	0.003275618	0.0031691855	0.002833289	0.0027844957	-0.0010777516	-0.0031913384	0.002041765	-0.002719474	0.0023641204	-0.0011430411	0.0036970936	0.0014499528	0.0029716715	0.0010164888	-0.0016267411	0.0030564573	-0.0032942505	-0.002021235	0.0025490741	-0.0024004164	0.0030862023	0.0019713147	-0.0007205871	0.002890864	-0.0002781609	0.0016432228	0.0037336713	-0.0007405286	0.002517223	0.00040687947	0.0030692625	0.0006419979	-0.0017959508	-0.0026926221	0.002303781	-0.000814755	-0.00057079317	0.0037139007	-0.0022575161	-0.0018894952	-0.00020278385	-0.003883699	-0.002013789	-0.003250456	0.0038224934	-0.00028798217	-0.0017649694	0.002932278	-0.0034887614	0.0011528195	0.0033066361	-0.0015289593	0.0025649304	-0.0011061514	0.00056201126	0.0030915127	0.0021011918	0.0021513505	0.0018059234	-0.0004300978	-0.0025365045	0.00023592077	-0.0028005457	0.0036659488	0.0032627718	0.0022323215	0.0023012161	0.0017662868	-0.0038295886	-0.00239714	0.0014269999	0.0022171102	0.0032959334	0.0020412975	-0.0027400688	-0.002288843	-0.00040078955	4.219357e-06	-0.0025547459	0.00022374745	0.001366586	0.0028425283	-0.002111049	0.003013691	0.00051043276	-0.0025644042	-0.00011459226	-0.00010265317	-0.0024659662	0.0022988715	-0.001560437	-0.0012007789	-0.0010493784	0.0003462825	0.003103985	-0.0012772437	-0.0016537667	0.0025626589	0.0022309315	-0.0030043693	0.0010320912	0.0038925111	-0.0003079218	0.0037440895	0.0026058205	-0.0024042446	-0.0033453694	0.0031626844	-0.0023558289	0.0026938268	0.0031204596	0.0037064548	0.0030165734	0.0005314648	-0.0013098274	0.0038391748	0.0030837157	0.003385941	-0.0013755965	-0.002552223	-0.0031439597	0.0027958457	0.0006067059
-0.00011048466	-0.003093314	-0.0010875575	0.0021963883	-0.00045067677	-0.0025439174	0.0017812927	0.0028241556	-0.0022081118	0.00035131956	0.0008543241	0.00019424083	-0.0018605851	0.0031741094	-0.0014339234	0.00044141756	-0.0015654867	0.0024878397	0.0029931408	0.0035242946	0.0005610911	0.0024124142	-0.002462288	0.0033783005	-0.00034913234	-0.0017961198	-0.001025145	0.0024431134	-0.0022503394	0.00069577666	0.0021634735	-0.0010269098	0.0036511421	0.0037152437	-0.0030680536	0.0025057006	0.00086620776	0.0014685229	-0.0035240846	9.214692e-05	-0.0015533655	0.0010469207	-0.00036388356	0.0026479997	-0.0035226066	-0.0012865746	-0.0024704426	0.0015675379	-0.0014555962	-0.0011978368	0.0015481589	0.0036622793	0.002877385	-0.0032418123	-0.002664295	-0.0028336733	0.0023258328	0.00020994665	0.00095562916	-0.0019357447	0.0011710837	0.0017697662	0.0015102387	0.003094005	-0.0033633225	-0.00053253165	-0.0030349004	-0.0015073023	-0.0031236946	0.0028983806	0.000464716	0.00024093315	0.002089867	0.0028124847	0.0026759994	-0.00094064977	-0.0032191556	-0.00010837242	-0.0018797643	-0.0022149947	0.002410436	0.0009978279	0.0010937382	0.0037788274	-0.0018991376	0.00037184078	0.00063680485	0.0026329006	0.0037286007	-0.0018403023	-0.0020252476	0.0016130242	-0.0031625791	-0.0019523725	0.001750371	0.00040665362	0.0017064102	0.0026331148	-0.0026168334	-0.0009770258	0.0017684838	-0.0009333836	0.0022174222	0.0020796298	-0.0018722895	0.0001418069	0.0008875816	-0.0038692942	0.0028285724	0.0007042354	-0.0031846506	0.0013035722	-0.00060835853	-0.000548949	0.0023969486	0.0018479708	0.0020785336	-0.0019088974	-0.0024258234	0.0015697349	0.00088530034	0.0008279113	0.0005577039	-0.002318195	-0.0009257253	0.0023300182	0.0017409958	-0.0026256437
0.00338561	-0.0030188705	6.044563e-05	-0.0035774428	-0.0026539722	0.0019364827	0.0005941931	0.0032318276	0.0012094723	0.00033080857	-0.0008384492	0.0019103596	0.00014375476	0.0032625012	6.775884e-05	-0.001713898	0.0014487868	-0.002753513	0.0017644186	-0.0027413722	0.0027747564	0.0014074016	-0.0014501521	-0.0037629865	-0.00200996	0.0032200147	0.003455082	-0.0018752138	0.0024540504	-0.0013999287	-0.001728137	-0.00030475948	0.0020252382	0.0033919709	-0.00038080802	-0.002439903	7.499056e-05	0.002592937	0.003755848	0.0017862339	0.0023269858	-0.0032997164	-0.003028158	0.00054539414	-0.00072751846	-0.0025126594	-0.0026620822	0.0010764399	-0.0007396862	0.0025684428	-0.0035311123	-0.0022889343	-0.000562103	-0.0009528422	-0.0034523313	0.0027753543	-0.00311134	0.0016296259	-0.0035422388	-0.0012865686	0.0034291148	0.0005250331	-0.0007774094	0.0015657726	-0.0023359186	0.00081830705	-0.0009567649	0.0004759957	-0.001168529	0.0024772868	-0.0018626852	0.0005368795	-0.0031856596	-0.00017093448	0.0014910828	0.00047071138	-0.0027457592	-0.0006771679	-0.002524294	-0.0030084574	-0.0011312794	-0.0015877401	0.0018437547	0.0028764573	0.0019439287	0.0031875437	-0.0018219333	-0.0023664744	0.0030850675	-0.0033405633	0.0033853003	-0.0027529667	0.0031139064	0.003427126	0.0006043054	-0.0031017833	-0.002753154	0.0014357045	0.0033963118	-0.0028148475	-0.0036343425	-0.002618127	-0.0012361878	-0.0021847333	0.000561527	0.002247156	-6.4738095e-05	0.0026690206	0.0030811797	0.003649469	0.003023848	0.0003386899	-0.0022381386	-0.0019047013	0.0011850293	-0.0023321966	-0.00039984332	0.0031094262	0.0033140318	-0.00022740103	-0.0026781275	-0.00026121177	0.002858175	0.003448579	0.002511324	0.002263432	0.0020044292	0.002803552
0.0024630823	-0.0029104562	1.8003862e-05	0.0033919578	-0.0015452802	0.003112405	-0.003500782	-0.0032815435	0.00047647022	-0.0022220258	-0.0016864692	-0.002976533	0.0026693586	0.0011216076	-0.0019646995	0.0026989277	0.0029710936	-0.0013013096	0.0024540643	-0.00062719174	-0.002205622	-0.0037353383	0.0008482146	-0.00013290858	-0.0009956118	0.0010460331	0.0010734135	0.0015124897	0.0024232953	-0.0029763035	-0.002059698	0.0038257483	-0.003325365	-0.0016582101	0.0010927166	-0.0023431773	0.0011304715	-0.0024200329	0.0015360583	0.0020638132	0.00018127263	0.0032161386	-0.0008361726	-0.002256807	-0.002438251	0.0015267557	0.0003367816	0.000627514	-0.0029638205	-6.8345107e-06	0.0027656597	-0.00243871	0.00065717753	-0.0009568953	-0.0035971613	-0.000660317	0.0037549427	-0.000991757	-0.00018747803	-0.0030749906	-0.0038568317	0.0019338569	0.0023220768	-0.0015961905	-0.00091959257	-0.0035882322	-0.003357537	-0.0005107438	0.0010884176	-0.0025659995	0.002242349	-0.0037661707	-0.0014035883	-0.0024789302	-0.0019813702	0.0012412197	0.0036596805	-0.0015712138	0.00072055217	0.0015355134	-0.0025268854	-0.00057974644	0.00020665862	0.0021321531	-0.00023539411	-0.0034035286	0.0011955546	-0.0010106494	0.0037898934	0.0034325938	0.00239442	-0.00049352413	-0.0013168626	-0.0017504613	0.0027381731	0.0029536425	-0.0018978054	0.0038662013	-0.0016019125	-0.0016045962	0.001956617	-0.0029306537	-0.0037316214	0.0033141878	-0.00024216622	-0.002361265	0.00365519	-0.0006319666	0.00024890574	-0.0024993434	0.0037283637	-0.0032454645	0.0033707754	0.0014131437	-0.0031377696	-0.002658918	0.0038589681	-0.00044042896	0.002917922	-0.0014581983	-0.001524339	-0.0013851225	-0.00041394914	0.00027171616	-0.0018319013	0.0027668853	0.002653542	0.0038532168
0.0028806962	0.00076237787	-0.0005418756	0.0017535249	0.0037622368	0.00060339784	0.0016277158	0.0035684514	-0.0031876499	0.0023144782	-0.00048628356	0.0016647796	0.0029093917	0.0032126694	-0.0004775636	-0.0011361176	-0.0011822218	0.0034302152	0.0033406746	-0.00026082573	-0.0026140525	0.002488493	-0.0020249123	-0.0027323714	0.002959245	0.0012773275	0.0028569652	0.0031660078	-0.0038536726	0.0021043117	-0.0037100054	-0.00021103397	0.003015148	-0.0038295696	-0.00040015485	0.00042029656	0.0035549821	0.0010006437	-0.0037461505	-0.0037053595	-0.00069913967	0.00028566085	-0.0037112874	-0.0028466615	-0.002304852	0.0008665547	0.0023045046	-0.003108997	-0.0019071749	-0.0004239981	0.0020495127	-0.002269336	0.002061719	-0.003430467	-0.0038453606	-0.0029796977	-0.0028201747	-0.0032549775	0.0012060725	-0.0010801717	0.0033249296	0.0033716732	-0.002002553	-0.00058448594	0.0027309489	0.0011708918	0.0032839947	0.0035497756	0.0035525383	-0.0008603814	-0.00041220058	0.00093239313	-0.0026200912	0.0025440832	-0.002814773	0.0010450683	0.00060070865	0.0014701718	-9.9172816e-05	-0.0022221347	-0.00075046346	0.0032117707	0.0014843117	0.002711101	-0.0014440706	0.0018287837	-0.0010386696	-0.00056330813	0.0023868736	-0.00054913154	-0.002179768	0.001815612	0.0026880498	-1.4968682e-05	0.0038285386	-0.0033761063	0.0035761544	-0.0013890625	-0.0030723359	-0.0029559322	0.0020484342	-0.0013701674	-0.002086074	-0.0029963953	-0.00081935665	0.0035592476	-0.00115168	0.0029212316	0.0024244357	0.0027515674	0.0020219008	0.002782411	0.0037049605	0.0007840991	-0.0034635835	-0.0014422685	0.0024771644	-9.478675e-05	-0.002977599	0.0027741096	-0.002545162	0.0010894667	1.9369181e-05	0.000266477	0.0035275337	-0.0025314805	0.0006046803	-0.0026964885
